topic,topic_desc,topic_desc_basic,knowledge_class,knowledge_class_basic,aliases,tags
AI Core,,"They can be found in ancient ruins, labs, and domes scattered across the world. The Holy Nation considers them illegal contraband, and some skeletons carry them as vital components that keep them alive.",,,"AI Core, AI_Core",Items
A Holy Purpose,,"A Holy Purpose is an Okranite theological text that argues a person's true purpose is to fulfill Okran's will. It describes a future vision where the Holy Nation's lands become the Enlightened lands, where Okran's children will live eternally free from Narko's influence and the cycle of rebirth. The book is commonly found in Holy Nation temples and sold by their vendors.",,,"A Holy Purpose, A_Holy_Purpose",Books
Acid Ground,,"Acid ground exists in heavily polluted zones where the soil has become corrosive. It harms the feet of humans and Shek who walk on it barefoot, but Hivers and Skeletons are naturally immune to acid. Any footwear protects against this hazard.",,,"Acid Ground, Acid_Ground",World Data
Admag,,"Admag is the capital of the Shek Kingdom, built on a hilltop in the Stenn Desert with only one entrance. It is home to Esata the Stone Golem, the kingdom's leader, who resides in the faction headquarters alongside her advisors Bayan and Seto. The town is defended by the elite Hundred Guardians and the Five Invincibles, and most of the Shek population lives here.",,,Admag,"Locations, Shek Kingdom"
Ancient Locations,,Ancient Locations are ruins from the civilization that existed before the current era. Tech Hunters actively search these places hoping to recover lost technologies from the old world. Machinists have written various theories about who originally built these ancient sites.,,,"Ancient Locations, Ancient_Locations",Locations
Ancient Ruins,,"Ancient Ruins are scattered remnants of the old world, filled with dangerous spiders and ancient security machines still guarding their crumbling halls. Most people avoid these ruins unless they're desperate or brave enough to face the mechanical guardians within.",,,"Ancient Ruins, Ancient_Ruins",Factions
Ancient Science Book,,"Ancient Science Books are valuable artifacts from before the Second Empire that contain knowledge of advanced lost technologies. They formed the foundation of the Second Empire's scientific achievements and are now studied by the Machinists who seek to understand the remnants of both ancient empires. These books are scattered across dangerous ruins throughout the world, and the Holy Nation considers them illegal contraband.",,,"Ancient Science Book, Ancient_Science_Book",Items
Anti-Slavers,,"The Anti-Slavers are a faction led by the legendary Tinfist that opposes slavery and operates from their mountain base called Spring in Stobe's Gamble. They are known for freeing slaves and attacking slavers, which has made them enemies of the United Cities, Holy Nation, and Traders Guild. The faction includes fighters of all races, many of whom are skilled in martial arts rather than weapons, and they are viewed as dangerous terrorists by established governments but admired by some drifters.",,,"Anti-Slavers, AntiSlavers",Factions
Arach,,"Arach is a deadly region home to the Bugmaster, a mysterious figure from whom few travelers return. The area is infested with roaming packs of Skin Spiders, making it one of the most dangerous places in the world. It has no settlements and lies near Watcher's Rim, Spider Plains, and Shun.",,,Arach,Zones
Arc,,"Arc is a legendary swordsman and the leader of Mongrel. He is renowned for his skill with the sabre, though little is known about his past or why he leads the people of Mongrel. He can be found at the headquarters in Mongrel.",,,Arc,"Bosses, Characters, Mongrel, Unique"
Ark,,"Ark is the headquarters of the Reavers, located in the northern part of Stobe's Garden. It serves as the home base for their leader Valamon and the center of Reaver operations in the region.",,,Ark,"Locations, Reavers"
Arm of Okran,,"The Arm of Okran refers to two long mountainous regions flanking Okran's Valley to the east and west, named for their shape and connection to the Holy Nation's god. The western mountains hold World's End, the Tech Hunter capital and home of the Machinists, while the eastern mountains contain Holy Nation military outposts. The area is green and mountainous with small settlements scattered throughout.",,,"Arm of Okran, Arm_of_Okran",Zones
Ashland Dome Ruin,,"The Ashland Dome Ruins are ancient structures found in the Ashlands, remnants of the Second Empire. They stand empty now, with no inhabitants or treasures left inside. Old treasure maps sometimes mark these locations, suggesting they once held something of value before falling into ruin.",,,"Ashland Dome Ruin, Ashland_Dome_Ruin",Locations
Ashlands,,"The Ashlands is a desolate, ash-covered wasteland that was once the domain of the Second Empire. Skeletons and Iron Spiders of the Skeleton Legion patrol the ruins, and clouds of poison gas drift through the area, making gas protection essential for the living. Ancient artifacts and powerful weapons can be found among the crumbling remnants of the old empire. There are no major towns, only abandoned outposts and dangerous ruins.",,,Ashlands,Zones
Atticus,,"Atticus was an author who wrote several books including Mass Extinction III, Legend of the Forsaken Howler, and Legend of the Foulhound. It is believed Atticus was a Machinist, and their writings have been referenced by other scholars such as Finch.",,,Atticus,"Characters, Lore"
Authentic Skeleton Repair Kit,,"An authentic repair kit made by the Advanced Skeleton Labs of the Western Hives, designed to heal damage on robotic body parts. Despite its fancy name, it is actually inferior to the standard repair kit, suggesting the Western Hivers used marketing to boost sales. Anti-slavers are sometimes found carrying these kits, hinting at possible trade connections with the Western Hive.",,,"Authentic Skeleton Repair Kit, Authentic_Skeleton_Repair_Kit",Items
Bad Teeth,,"Bad Teeth is a major town controlled by the Holy Nation, guarding a mountain pass between Okran's Pride and the Skinner's Roam. Gate guards often kill river raptors that wander near the town. It serves as a typical Holy Nation settlement without any unique structures.",,,"Bad Teeth, Bad_Teeth","Holy Nation, Locations"
Band of Bones,,"The Band of Bones is a violent Shek bandit group led by Tora, made up of exiles from the Shek Kingdom who lost in battle but refused to give up their weapons. Most members are hornless and malnourished outcasts who roam the southern regions and swamps. They are hostile to the Shek Kingdom, Holy Nation, and United Cities, attacking travelers on sight.",,,"Band of Bones, Band_of_Bones",Factions
Bandits,,"Bandits are common hostile groups found throughout the land, divided into Dust Bandits and Starving Bandits. They travel in small packs of a few members led by a boss with slightly better gear and skills. Bandit groups attack anyone they encounter, including other bandits, though they are generally less skilled than more organized threats like Sand Ninjas.",,,Bandits,Removed Content
Bar of Mourn,,"Bar of Mourn is a drinking establishment located in the town of Mourn. Patrons there speak of the Great White Gorillo, a local topic of interest. It operates like most black market bars but with its own local character.",,,"Bar of Mourn, Bar_of_Mourn","Town Residents, Vendors"
Barges,,Barges are the rusted remains of old ships that once sailed Kenshi's waters before they evaporated. These rectangular vessels with two masts now lie sunken or run aground near former bodies of water across the land. Some barges remain in nearly perfect condition while others have decayed significantly over time.,,,Barges,World Elements
Bark,,"Bark is a coastal town in the Great Desert, built around natural lagoons and governed by Lady Sanda from her Noble House. It relies on supplies from nearby ports and has no police station, so arrested individuals are sent directly to the slave shop. The town contains slum-like camp beds for the homeless and is home to Red, a known pickpocket.",,,Bark,"Locations, United Cities"
Barrier Tower,,"Barrier Tower is a military outpost in Sonorous Dark controlled by the Skeleton Legion. It is heavily defended by upgraded watchbot skeletons manning harpoon turrets. The tower has free beds inside and its walls block an otherwise convenient passage toward the Ashlands, forcing travelers to risk the acid water if they wish to pass.",,,"Barrier Tower, Barrier_Tower",Locations
Basic First Aid Kit,,"A basic first aid kit contains various bandages used to stop bleeding and treat cuts. Its poor quality means it works less effectively for skilled medics. These kits are commonly carried by soldiers, slavers, and even cannibals who patch up their victims.",,,"Basic First Aid Kit, Basic_First_Aid_Kit",Items
Bast,,"Bast is a devastated border zone between the United Cities and the Holy Nation in the northeast. It was once a developing region with many hamlets and settlements until the Holy Nation invaded, razed the area, and took captives. Now it remains a weakly held conflict zone where both factions send patrols that regularly clash, while Rebel Farmers and Cannibals also wander through from neighboring territories.",,,"Bast (Zone), Bast_(Zone), Bast Zone",Zones
Bayan,,"Bayan is a male Shek advisor to Queen Esata the Stone Golem, found at the Shek Kingdom headquarters in Admag. He is known for influencing Esata's decision to make peace with the United Cities to help reverse the decline of the Shek population. Players can negotiate an alliance with the Shek through him if they are enemies of the Holy Nation or have defeated certain powerful leaders, and he accepts bounties on high-value targets.",,,Bayan,"Bosses, Characters, Unique"
Beak Thing,,"Beak Things, also called Gutters, are extremely dangerous predators found across many regions of the world. They run incredibly fast, strike with devastating force, and are notorious for eating incapacitated victims alive, consuming them piece by piece. Elder Beak Things are even more fearsome and can be found in the Bonefields. Their nests contain prized eggs, but approaching them is perilous for all but the most skilled fighters.",,,"Beak Thing, Beak_Thing","Animals, Characters"
Beak Thing Egg,,"Beak Thing eggs are rare delicacies found in Beak Thing nests, highly prized by nobles who pay well for them. Many people die attempting to steal these eggs from the dangerous creatures that lay them. The eggs are heavy and awkward to carry, making them difficult to transport in large quantities.",,,"Beak Thing Egg, Beak_Thing_Egg",Items
Beautiful Tengu: A Tribute,,"This is a book of praise about Emperor Tengu, written by the famous rebel Luquin while imprisoned in Tengu's Vault. Luquin was forced to write flattering words about the emperor during his captivity. It is unknown whether Luquin is still alive.",,,"Beautiful Tengu: A Tribute, Beautiful_Tengu:_A_Tribute, Beautiful Tengu A Tribute",Books
Berserker Country,,"Berserker Country is a harsh, rocky zone with crimson red terrain inhabited by violent Berserkers. The coastline is littered with inactive spiders, and Berserkers sometimes clash with Cannibals in the area. It is a desolate region with few resources and no settlements.",,,"Berserker Country, Berserker_Country",Zones
Berserkers,,"Berserkers are rogue Shek fighters who deserted the Shek Kingdom to return to their old tribal ways, seeking challenges and conflict. Many migrated north to form Berserker Country, but some remained behind under their leader Ghost. They are recognized by their maroon clothes and armor, and the Shek Kingdom generally lets them do as they please.",,,Berserkers,Factions
Big Al,,"Big Al is a Shek who leads the Stone Rats gang from their village in the Swamp. If he is killed or taken away, his village will be overrun by either the Hounds or the Swamp Ninjas. His death also stops the Stone Rats from raiding or demanding protection money from nearby settlements.",,,"Big Al, Big_Al","Bosses, Characters, Unique"
Big Darkbrow,,"Big Darkbrow is a Hive Prince who leads the Blackshifters gang from a hideout in Shark. He has a traitorous personality and competes with other gang leaders for control of the region. If both he and Big Grim fall, the Grayflayers take over Shark, and if all three major gang leaders are gone, Spiders overrun Rot.",,,"Big Darkbrow, Big_Darkbrow","Blackshifters, Bosses, Characters, Hivers, Swampers, Swamps, Swamps Characters, Unique"
Big Fang,,"Big Fang is a Scorchlander man who leads the Twinblades, one of the gangs operating in the Swamp. He can usually be found in Mud Town, north of Shark, though he may relocate to Shark itself if the Grayflayers take control of that city. Unlike other swamp gang leaders, his position remains stable regardless of changing circumstances in the region.",,,"Big Fang, Big_Fang","Bosses, Characters, Swampers, Twinblades, Unique"
Big Gray,,"Big Gray is a Greenlander man who leads the Grayflayers, a criminal gang operating in the Swamp. He can be found at Grayflayer Village. If he is killed or taken away, the village falls under Swamper control, and if he and the other gang leaders all die, Rot becomes overrun by Blood Spiders.",,,"Big Gray, Big_Gray","Bosses, Characters, Grayflayers, Swampers, Swamps, Swamps Characters, Unique"
Big Grim,,"Big Grim is a Greenlander woman who leads the Hounds, a criminal faction based in Shark. She is known for her rough diplomacy and low literacy, once writing a poorly-spelled letter to Darkbrow proposing an alliance. To join her gang, outsiders must first smooth things over with a member called Ears, after which she may assign smuggling jobs into United Cities territory.",,,"Big Grim, Big_Grim","Bosses, Characters, Hounds, Swampers, Swamps, Swamps Characters, Unique"
Birth Of The Phoenix,,"Birth Of The Phoenix is a religious text from the Holy Nation containing verses attributed to Holy Lord Phoenix IV. It teaches that the Phoenix was created by their god, the Benefactor, as a divine guide for mankind, and that the Phoenix's soul is pure and incorruptible. The book emphasizes that only the Phoenix can receive the Creator's instructions and lead the faithful.",,,"Birth Of The Phoenix, Birth_Of_The_Phoenix","Books, Items"
Black Desert City,,"Black Desert City is a skeleton-run town in the Deadlands, built after the fall of the Second Empire. The town has no human residents and lacks a proper food supply, though the bartender mentions this. It features both regular beds and skeleton repair beds, and connects via bridge to a nearby hill where the Scraphouse sits.",,,"Black Desert City, Black_Desert_City","Citations needed, Locations"
Black Desert Ninjas,,"Black Desert Ninjas are Cloud Ninjas who roam the Deadlands and surrounding areas. They are mostly human and lack protection against the region's deadly acid rain, which often kills them over time. They are hostile to outsiders and operate in one of the most dangerous environments in the world.",,,"Black Desert Ninjas, Black_Desert_Ninjas","Factions, Ninja"
Black Dog,,"Black Dog is a minor faction operating in the eastern regions. They are known for extorting travelers and settlements for protection money, attacking those who refuse to pay. They have no particular alliances or enemies with other factions.",,,"Black Dog, Black_Dog","Factions, WIP"
Black Gorillo,,"Black Gorillos are dangerous black-furred apes found in the southeastern regions, especially Sonorous Dark and Stobe's Gamble. They are stronger and more formidable than their white-furred cousins, though they travel alone and can be outmaneuvered. An even larger variant called the King Gorillo exists.",,,"Black Gorillo, Black_Gorillo","Animals, Characters"
Black Scratch,,"Black Scratch is a town built on a hill around an ancient structure in The Outlands. It serves as the headquarters of the Tech Hunters and houses the Great Library, where many blueprints can be found. Bo, an important member of the Anti-Slavers, also resides here.",,,"Black Scratch, Black_Scratch",Locations
Blackshifter Casino Bar,,The Blackshifter Casino Bar is a gambling establishment run by Blackshifters in The Swamp. The bar sometimes contains letters and memos left by its operators.,,,"Blackshifter Casino Bar, Blackshifter_Casino_Bar","Town Residents, Vendors"
Blackshifters,,"The Blackshifters are a gang of ronin Hivers operating in The Swamp, led by their boss Big Darkbrow in Shark. They run casinos in Mud Town and Shark, and are known for extorting debts from gamblers. They are rumored to cheat and scam people at their gambling establishments.",,,Blackshifters,Factions
Blister Hill,,"Blister Hill is the capital of the Holy Nation, a large town in Okran's Pride where the Holy Lord Phoenix rules from his throne room. The town is divided into two sections: an inner walled area with the throne room and military buildings, and an outer area for the general populace. It contains shops, bars, and temples, and its name likely refers to the white rocky hill of Rebirth visible behind it.",,,"Blister Hill, Blister_Hill","Holy Nation, Locations"
Blood Spider,,"Blood Spiders are thin, blood-red insectoids that hunt in packs throughout swamps and shadowy regions. They are fragile individually but strike with devastating force and can pursue prey underwater by walking along lake bottoms. These creatures incapacitate victims and drain them alive, making them one of the most feared predators in the wilds.",,,"Blood Spider, Blood_Spider","Animals, Characters"
Bloodraiders,,"The Bloodraiders are hostile bandits who roam The Eye, Grey Desert, and Spine Canyon. They attack anyone they encounter and are known for their blood-stained appearance. They share similarities with the Reavers in their brutal nature and aesthetic.",,,Bloodraiders,Factions
Bloodrum,,Bloodrum is a fine rare spirit made from cactus rum and hashish that wealthy people display to impress others. It is illegal in United Cities territory and considered contraband by slave traders. Smugglers in the Grey Desert sometimes carry it.,,,Bloodrum,Items
Blue Eyes,,"Blue Eyes is a notorious criminal wanted by the United Cities for fraud, extortion, smuggling, and theft. She has scammed countless citizens out of vast sums of money and is known as a master of disguise. Despite her skill at changing her appearance, she is also a braggart and drunkard who frequently boasts about her crimes in bars, making her easier to track by listening rather than looking.",,,"Blue Eyes, Blue_Eyes","Bounty, Characters"
Bo,,"Bo is a Scorchlander woman known as 'Big Bo' among the Anti-Slavers, despite her small size. She can be found in Black Scratch and is wanted by both the United Cities and the Holy Nation for terrorism and anti-workforce activities. She may join travelers who oppose slavery or have taken action against slavers and their leaders.",,,Bo,"Bounty, Characters, Playable, Unique"
Bolts Heavies,,Bolts Heavies are heavy crossbow ammunition that hit hard but don't fly as far because of their weight. They're made at an arrow making bench and can be stored in a boltbox. These bolts are useful when you need stopping power over distance.,,,"Bolts Heavies, Bolts_Heavies",Crossbows
Bolts Longs,,"Long bolts are high-quality crossbow ammunition known for their accuracy and range. They are uncommon and hard to find, with only a few remote settlements like World's End and Mongrel regularly stocking them. They can be crafted from steel if you know the blueprint, or occasionally found in old ruins.",,,"Bolts Longs, Bolts_Longs",Crossbows
Bolts Regulars,,"Regular bolts are the standard ammunition for crossbows, varying slightly in size and weight but compatible with most bows. They are widely available and commonly used throughout the land. These bolts can be crafted at arrow making benches and stored in boltboxes for long expeditions.",,,"Bolts Regulars, Bolts_Regulars",Crossbows
Bolts Toothpicks,,They lack stopping power but are commonly used in rapid-fire crossbows. These bolts can be crafted at arrow making benches and stored in boltboxes.,,,"Bolts Toothpicks, Bolts_Toothpicks",Crossbows
Bonedog,,"Bonedogs are dark-furred canine creatures with bony ridges and faces that roam the wastes in territorial packs. Wild bonedogs are drawn to dead bodies and will devour them, sometimes playfully carrying severed limbs around. Some have been domesticated and can be purchased from nomad traders or farm shops, serving as loyal companions and guardians despite not being the sturdiest fighters.",,,Bonedog,"Animals, Characters, Playable"
Bonefields,,"The Bonefields are a large dry plain littered with countless bones scattered across the landscape. The area is sparsely populated but dangerous, home to hunting Beak Things, Skin Spiders, Boneyard Wolves, and hostile Gorrillo Bandits. A few small towns and villages exist here despite the threats. The region experiences two distinct seasons throughout the year.",,,Bonefields,Zones
Boneyard Wolf,,"Boneyard Wolves are large, brownish-furred predators found in the Bonefields and surrounding regions. They are significantly stronger and bigger than Bonedogs, resembling bears more than wolves in size and appearance. These dangerous creatures roam the bone-filled wastelands and pose a serious threat to travelers.",,,"Boneyard Wolf, Boneyard_Wolf","Animals, Characters"
Book Of Grace,,"The Book of Grace is an ancient scripture of unknown authorship that preaches selflessness, kindness, and rejection of worldly temptations like intoxication and theft. It speaks of overcoming ego to reach a paradise called the Enlightened Lands. Despite its moral teachings, the book is forbidden within the Holy Nation.",,,"Book Of Grace, Book_Of_Grace",Books
Book Of Sacrifice,,"An ancient forbidden scripture telling of Chitrin, a great father figure who was betrayed by his children and sacrificed himself to cleanse the world. The act split him into two gods: Okran, god of light and warmth, and Narko, god of darkness and cold. The Holy Nation forbids this book, likely because it contradicts their teachings about Okran's singular divinity.",,,"Book Of Sacrifice, Book_Of_Sacrifice",Books
The Great Library,,The Great Library holds the largest collection of blueprints and lore books in all of Kenshi. It is a place where travelers and scholars can find rare knowledge and technical designs not easily found elsewhere.,,,"The Great Library, The_Great_Library","Town Residents, Vendors"
Border Zone,,"The Border Zone is an arid no-man's-land between the Shek Kingdom and Holy Nation territories, once controlled by the Holy Nation but now largely abandoned. It is overrun by Starving Bandits, Dust Bandits, and Black Dragon Ninjas, with only two major settlements remaining: the Shek town of Squin and the ruined city of The Hub. The region is known for its abundant high-quality iron and copper deposits, making it attractive for mining despite the constant bandit threats.",,,"Border Zone, Border_Zone",Zones
Boss Simion,,Boss Simion is the leader of the Rebel Farmers and resides in Fort Simion with his armed followers. He was once a farmer in the United Cities who lost everything to slave labor competition and now preys on caravans and protects outcasts from the Empire. He has a bounty on his head and can be turned in to the United Cities for reward.,,,"Boss Simion, Boss_Simion","Bosses, Bounty, Characters, Unique"
Bounty Hunters,,"Bounty Hunters are adventurers who earn their living by capturing wanted criminals and bandits. Most come from the United Cities and operate in those lands or nearby regions. They will attack anyone they see committing a crime and are known to gather in places like Watcher's Rim, where some discuss their hopes of one day facing the legendary Bugmaster.",,,"Bounty Hunters, Bounty_Hunters",Factions
Brink,,"Brink is a major town controlled by the United Cities, located in the Stormgap Coast and governed by Lady Tsugi. Its economy depends entirely on supplies from Eyesocket. Reaver patrols are often seen near the town.",,,Brink,"Locations, United Cities"
Bugmaster,,"The Bugmaster is a notorious criminal who lives in a tower in the crater of Arach, commanding a massive army of spiders through unknown means. He is extremely dangerous and attacks anyone on sight, with his motivations remaining a mystery. The Shek Kingdom offers a substantial bounty for his capture, and defeating him earns great respect among warriors.",,,Bugmaster,"Bosses, Bounty, Characters, Spiders, Superbosses, Unique"
Bull Horn Axe,,"The Bull Horn Axe is a heavy fragment axe wielded by Flying Bull, leader of Kral's Chosen. King Shager gifted this weapon to his most loyal warrior as a reward for unwavering service. It is an ancient quality blade known for its reach and effectiveness in open combat.",,,"Bull Horn Axe, Bull_Horn_Axe","Heavy Weapon, Unique, Weapons"
Burning Forest,,"The Burning Forest is a swampy woodland plagued by frequent acid rain that gives the region its name. Blood Spiders infest the area, making travel dangerous regardless of weather conditions. Ruins of old labs and farms can be found scattered throughout, though they are often guarded by ancient security machines.",,,"Burning Forest, Burning_Forest",Zones
Buzan,,"Buzan is a Scorchlander man and one of the leaders of the Black Dragon Ninjas. He can be found in the Tower of Ninjas alongside Dimak and their followers. He is wanted by The Holy Nation for murder, robbery, assault, arson, and kidnapping, and is known for having a limp and a particularly punchable face.",,,Buzan,"Bounty, Characters, Unique"
Cactus,,"Cactus is a raw plant that grows in arid lands and cannot be eaten directly. It is used to make food and cactus rum. Traders and farm leaders sell it, or it can be grown on cactus farms in dry regions.",,,Cactus,"Farming, Items"
Cactus Den,,"Cactus Den is a watchtower in the middle of Spine Canyon, northwest of Tengu's Vault, serving as the home of the Sand Ninjas and their leader, Sand Ninja Oni. Entering the tower will provoke the Sand Ninjas into hostility.",,,"Cactus Den, Cactus_Den",Locations
Cactus Rum,,"Cactus Rum is a very strong alcohol commonly found in desert regions. It causes severe dehydration, making it a rare luxury in arid areas, but in the greenlands where water is plentiful, people drink it freely. It is produced at rum stills and traded as a valuable good.",,,"Cactus Rum, Cactus_Rum",Items
Cage Beast,,Cage Beasts are creatures that resemble Garrus but carry large backpacks and prisoner cages on their bodies. They were removed from the world and no longer appear naturally. Some say they were once used for transporting captives across long distances.,,,"Cage Beast, Cage_Beast","Animals, Removed Content"
Cannibal Capital,,"Cannibal Capital was once the town of Deadcat before falling to the Cannibals. It appears on maps as the neutral town of Deadcat, likely to deceive travelers into thinking it's a safe refuge. The settlement is now controlled by numerous Cannibals led by the Cannibal Grand Wizard, who is guarded by Cannibal Chiefs.",,,"Cannibal Capital, Cannibal_Capital",Locations
Cannibal Grand Wizard,,"The Cannibal Grand Wizard is the leader of the Cannibals and resides in the Cannibal Capital. He commands the entire known cannibal population, though his actual magical powers remain unknown. He is wanted by the Holy Nation, Shek Kingdom, and United Cities for a substantial bounty.",,,"Cannibal Grand Wizard, Cannibal_Grand_Wizard","Bounty, Characters, Unique"
Cannibal Hunter Robun,,"Cannibal Hunter Robun is a Greenlander man who leads the Cannibal Hunters and can be hired to fight cannibals. He is the younger brother of someone who wrote journals about being captured, and he likely survived that ordeal. He stays at The Bastion, near the border of Darkfinger and Sinkuun.",,,"Cannibal Hunter Robun, Cannibal_Hunter_Robun","Characters, Unique"
Cannibal Hunters,,"Cannibal Hunters are a group dedicated to fighting and containing the Cannibal threat, operating mainly in and around Cannibal-infested territories. They are led by Cannibal Hunter Robun and are based out of The Bastion. Unlike most factions, they will heal wounded strangers they encounter, and their patrols are often accompanied by trained Mountain Dogs.",,,"Cannibal Hunters, Cannibal_Hunters",Factions
Cannibal Plains,,"The Cannibal Plains are a dangerous region in the northwest where large groups of cannibals roam freely, often overwhelming travelers. Cannibal Hunters sometimes venture here to hunt them but frequently become prey themselves. The area also sees occasional shrieking bandits and berserkers wandering through the territory.",,,"Cannibal Plains, Cannibal_Plains",Zones
Cannibals,,"The Cannibals, also called the Painted Tribe, are tribal humanoids who inhabit the Cannibal Plains and surrounding northern regions, though they sometimes migrate far south. They capture unconscious victims, cage them, and eventually cook them in pits, refusing to eat skeletons or animals but remaining hostile to all. Ancient texts suggest they may be devolved humans, possibly descended from inhabitants of the northwestern Ancient Labs who degenerated over thousands of years due to toxins, experiments, or famine.",,,Cannibals,Factions
Catun,,"Catun is a fortified town in the Bonefields controlled by the United Cities and ruled by Lord Shiro of the Noble Circle. It sits atop an elevated plateau surrounded by dangerous wildlife and is home to the Catun Scrapmasters, who claim to be the most skilled weapon smiths in the world. If Lord Shiro is killed or imprisoned, the town falls to Fishmen and is destroyed.",,,Catun,"Article stubs, Locations, United Cities"
Catun,,"Catun is a major town controlled by the United Cities, located atop an elevated plateau in the Bonefields. Lord Shiro, a member of the Noble Circle, resides here, and the town is home to the Catun Scrapmasters, who claim to be the most sophisticated weapon smiths in the world. The settlement resembles a medieval fortress and is well-defended by United Cities samurai who regularly fight off hostile wildlife. If Lord Shiro is killed or imprisoned, Catun falls to Fishmen and is completely destroyed.",,,Catun,"Article stubs, Locations, United Cities"
Cats,,"They can be earned by selling goods to merchants or found when looting nobles and ancient ruins. People in Kenshi generally understand Cats as part of Guides, Items.",,,Cats,"Guides, Items"
Catun Scrapmasters,,"Catun Scrapmasters is a weapon shop located in Catun, controlled by the United Cities. The shop is home to the Catun Scrapmaster weapons manufacturer and exclusively sells their own branded weapons.",,,"Catun Scrapmasters, Catun_Scrapmasters","Town Residents, Vendors"
Chalice Of Fire,,"The Chalice of Fire is a sacred relic of the Holy Nation, said to have been forged from the Sacred Flame by the 47th Holy Phoenix himself. It appears as an exceptionally shiny cup and is given by the Holy Lord Phoenix to those who earn great favor with the Holy Nation. Despite its legendary status, it looks much like an ordinary polished cup.",,,"Chalice Of Fire, Chalice_Of_Fire","Holy Nation, Items, Unique"
Cheaters Run,,"Cheaters Run is a coastal zone south of the Royal Valley that provides a relatively safe passage to and from the Ashlands while avoiding the Southern Hive territory. Fishmen and Iron Spiders roam the coastline, and the area experiences occasional acid rain. There are no major settlements here, only small outposts and ancient ruins.",,,"Cheaters Run, Cheaters_Run",Zones
Chewsticks,,"Chewsticks are a simple food made from cactus, common in desert regions where water is scarce. They provide basic nutrition and are valued for requiring very little water to produce compared to other foods. Most desert settlements and traders stock them as a practical meal option.",,,Chewsticks,"Items, Nutrition"
Chitrin,,"Chitrin was an ancient deity whose story is told in the Book of Sacrifice. According to the tale, when his people lost faith in him, calamities struck the land until Chitrin sacrificed himself and was reborn as two gods: Okran, god of day and warmth, and Narko, god of night and cold. The Holy Nation keeps records of Chitrin but appears to have banned his worship in favor of Okran.",,,Chitrin,Lore
City Hero,,"City Heroes are racist pro-Empire vigilantes who form the United Heroes League. They operate from Fort Mirage and patrol major United Cities towns, claiming to be patriots defending civilization. They are hostile to non-humans and those who oppose the Empire's order.",,,"City Hero, City_Hero","Characters, United Heroes League"
Cleanser Unit,,"Cleanser Units are massive robotic leviathans that roam the Ashlands, often followed by flocks of Beak Things. They are ancient machines from the Old Empire and are one of the few sources of AI Cores. These towering automatons are extremely dangerous and patrol their territory relentlessly.",,,"Cleanser Unit, Cleanser_Unit","Animals, Characters"
Cloud Ninja,,"Cloud Ninjas are members of the Black Desert Ninjas faction who roam the Black Desert, Grey Desert, and Iron Valleys in small groups. They are human or hive warriors who operate in these harsh desert regions. These ninjas travel in bands and are known to be encountered by travelers passing through their territory.",,,"Cloud Ninja, Cloud_Ninja",Characters
Clownsteady,,Clownsteady is a small town in The Hook region controlled by the United Cities. Its economy depends on nearby slave farms and markets. The town is close to the Swamp and serves as a decent trading post for alcohol and other goods.,,,Clownsteady,"Locations, United Cities"
Clownsteady (Alpha),,"Clownsteady was a northeastern town controlled by Dead Cat, located near Brink, Shark, and Teblooze. It existed in earlier versions of the world but was removed before the current era. The town eventually returned in a different form.",,,"Clownsteady (Alpha), Clownsteady_(Alpha), Clownsteady Alpha",Removed Content
Combat Cleaver,,"The Combat Cleaver is a sword-cleaver hybrid that is lighter and more suited to regular combat than typical hackers. It is commonly wielded by the Sentinels and Chosen of the Holy Nation, as well as members of the Band of Bones and Bloodraiders. A legendary version can be found with King Gurgler in the Island Lab.",,,"Combat Cleaver, Combat_Cleaver","Hacker, Weapons"
Copper Alloy Plates,,"Copper Alloy Plates are advanced metal sheets made from steel and copper, used for specialized construction projects. They can be crafted at special workbenches or scavenged from ancient ruins scattered across the land.",,,"Copper Alloy Plates, Copper_Alloy_Plates",Items
Corpse Furnace,,A Corpse Furnace is a building used to dispose of dead bodies and any items they carried. It completely destroys corpses placed inside it. These furnaces are commonly used to manage the aftermath of battles or raids.,,,"Corpse Furnace, Corpse_Furnace",Buildings
Crab Bar,,"Crab Bar is the local tavern in Crab Town where travelers can find food, drink, and rest. It is known as the home of Lumi, a bilingual individual who can be found there. The bar serves the community and visiting wanderers alike.",,,"Crab Bar, Crab_Bar","Town Residents, Vendors"
Crab Egg,,"Crab eggs are live eggs found in nests throughout regions like Greenbeach, the Howler Maze, and The Unwanted Zone. They have some value and can be collected or stolen from crab nests, though crabs are slow and unlikely to catch thieves. These eggs do not hatch into crabs.",,,"Crab Egg, Crab_Egg",Items
Crab Queen,,"The Crab Queen is the leader of the Crab Raiders and rules from her palace in Crab Town. She has a large bounty from the United Cities and can be approached for an alliance if you speak favorably of crabs. If she is killed or imprisoned, her faction collapses and Crab Town falls to the Fishmen.",,,"Crab Queen, Crab_Queen","Bosses, Bounty, Characters, Crab Raiders, Superbosses, Unique"
Crab Raiders,,"Crab Raiders are a bandit faction of Scorchlanders who worship crabs and are led by the Crab Queen. They control Crab Town in The Pits East and have villages in Greenbeach and Stobe's Garden. They frequently raid and fight rival gangs and the United Cities, wearing distinctive crab armor and keeping trained crabs as companions.",,,"Crab Raiders, Crab_Raiders",Factions
Crab Town,,"Crab Town is a remote outpost in The Pits East, serving as the capital of the Crab Raiders. The Crab Queen rules here, and the settlement includes a bar and smithy where travelers can trade. If the Crab Queen is killed or imprisoned, the town falls to the Fishmen.",,,"Crab Town, Crab_Town","Article stubs, Locations"
Crab Trousers,,"Crab Trousers are heavy leg armor made from brown scrap metal strapped over chain leggings. They are part of the Crab Armour set and can only be crafted after purchasing the blueprint from the Crab Raiders. The design reflects the scavenged, improvised style typical of Crab Raider equipment.",,,"Crab Trousers, Crab_Trousers","Armour, Heavy Armour, Legwear"
Crab Village,,"Crab Village refers to two small outposts controlled by the Crab Raiders, one in Greenbeach and another in Stobe's Gamble near an old ruined platform. Visitors can purchase crabs here and use the free beds, though locals often occupy them. If the Crab Queen is removed, Reavers may take control of these settlements.",,,"Crab Village, Crab_Village","Article stubs, Locations"
Crabs,,"Crabs are creatures that inhabit certain coastal and ruined areas of the world. They nest in places like Greenbeach and the Howler Maze, and sometimes infest abandoned settlements. These animals are known to be temperamental and require careful handling, needing regular salt baths and nightly attention to stay calm.",,,Crabs,Factions
Crimper,,"The Crimper is a massive maintenance skeleton resembling a Gorillo that serves as the Southern Hive King in the Royal Valley. It is a unique creature, being the only one of its kind in the world. When damaged, it bleeds dark oil instead of blood.",,,Crimper,"Animals, Characters"
Cross,,"Cross was a legendary smith from ancient times, the only known maker of Meitou-quality weapons. Very little is known about Cross, and only one or two examples of each weapon type they crafted have been discovered. These weapons are considered the finest ever made.",,,Cross,"Lore, Manufacturers"
Cult Village,,"The Cult Village is a settlement in the Stormgap Coast where The Preacher and their followers live. Farmers work the fields outside the walls, and the cultists believe blood in the soil brings good harvests. Prisoners who fall unconscious are locked in poles, and if all poles are full, the cultists will beat captives to death. If certain leaders fall and slavers rise, this village can be taken over by Slave Traders.",,,"Cult Village, Cult_Village","Locations, Preacher Cult, Villages"
Cultural Groupings And Evolution Series,,"This book discusses theories about how the different races of today evolved from common ancestors, possibly changed by ancient industrial pollution or environmental pressures. It speculates that the ancient master race might have been alien settlers with advanced technology, and questions whether skeletons or organics came first. The author believes modern people descended from those ancient times when both skeletons and organics coexisted.",,,"Cultural Groupings And Evolution Series, Cultural_Groupings_And_Evolution_Series","Books, Lore"
Darkfinger,,"Darkfinger is a peninsula west of Sinkuun, inhabited primarily by Cannibals who live in scattered villages across the region. The Cannibal Leader known as 'Unknown' resides at First Village on the northern tip. Travelers can find bounties and supplies here, though the area is dangerous due to the hostile cannibal population.",,,Darkfinger,Zones
Dead Cat,,"Dead Cat is a neutral faction that controls several towns including Catan, Clownsteady, Telbooze, Bark, and Heft. Their settlements are protected by hired mercenaries and police forces who can accept bounties. They begin on poor terms with the Holy Nation.",,,"Dead Cat, Dead_Cat",Removed Content
Dead Workshop,,"Dead Workshop is an ancient ruin located in The Pits East, a large hangar-like structure from the old world. It contains old engineering knowledge and gear left behind by whoever built it long ago. A deep square pool sits in front of the workshop, and the site is marked on old engineer maps.",,,"Dead Workshop, Dead_Workshop",Locations
Deadcat,,"Deadcat is a small faction of refugees who once lived in the city of Deadcat before being driven out by Cannibal tribes. They now survive as fishermen in scattered villages along the Northern Coast and Dreg, and while generally decent people, hard times have made them wary and distrustful of outsiders. Some believe they may be descendants of rebels who broke away from the Second Empire long ago.",,,Deadcat,Factions
Deadhive Prince,,"Deadhive Princes are Hive princes who have been taken over by Fogmen parasites, controlled from the inside with no hope of recovery. They are physically frailer than normal Hive princes and suffer from increased hunger. These unfortunate creatures are found among the Fogmen in the fog-covered regions.",,,"Deadhive Prince, Deadhive_Prince","Fogmen, Hivers, Races"
Deadhive Soldier,,"Deadhive Soldiers are Hivers controlled from the inside by Fogmen parasites, leaving them beyond saving. They are physically weaker in the head than normal Hive soldiers and bleed more slowly. These creatures serve the Fogmen and cannot be reasoned with or recruited.",,,"Deadhive Soldier, Deadhive_Soldier","Fogmen, Hivers, Races"
Deadhive Worker,,"Deadhive Workers are Hivers who have been taken over by Fogmen from the inside, leaving them beyond saving. They are weaker and slower than normal Hive Workers, with altered physical capabilities due to their corrupted state. These unfortunate creatures serve the Fogmen and cannot be recruited or played as characters.",,,"Deadhive Worker, Deadhive_Worker","Fogmen, Hivers, Races"
Deadlands,,"The Deadlands is a heavily polluted wasteland plagued by constant acid rain, acidic ground, and dark skies. It is home to Black Desert City, where Skeletons live, and the nearby Scraphouse. The hostile environment and isolation make it a refuge for those hiding from the Holy Nation, though the terrain and roaming iron spiders make survival difficult for the unprepared.",,,Deadlands,Zones
Desert Sabre,,"The Desert Sabre is an unusual blade design said to originate from the desert regions. It is particularly effective at killing spiders, making it a favored weapon among bounty hunters who pursue the Bugmaster. The finest example of this weapon is carried by Eyegore, a martial captain of the United Cities.",,,"Desert Sabre, Desert_Sabre","Sabre, Weapons"
Dimak,,"Dimak is a Shek woman and one of the leaders of the Black Dragon Ninjas. She can be found at the Tower of Ninjas and is wanted by the Holy Nation for murder, robbery, assault, arson, and kidnapping. She is the only Shek among the Black Dragon Ninjas and wields a legendary ninja blade.",,,Dimak,"Bounty, Characters, Unique"
Distant Hive Village,,"Distant Hive Village is a minor settlement controlled by the Western Hive, located in Sinkuun and the Great Desert regions. There are two such villages in Sinkuun, named for their distance from the main Western Hive territories. These outposts represent the far reach of Western Hive influence in more remote areas.",,,"Distant Hive Village, Distant_Hive_Village","Article stubs, Locations"
Doctor Chung,,"Doctor Chung is a surgeon who harvests organs for the Twinblades gang, though he resents working for them. He can be found drinking in bars in Mud Town or Shark, complaining about the Twinblades pressuring him for more organs and smashing up his surgery. His past activities have made him enemies in many cities, leaving him stuck working for the gang despite his frustrations.",,,"Doctor Chung, Doctor_Chung","Characters, Playable, Unique"
Bonedog,,"Bonedogs are dark-furred canine creatures with bony ridges and faces that roam the wastes in territorial packs. Wild bonedogs are drawn to dead bodies and will devour them, sometimes playfully carrying severed limbs around. Some have been domesticated and can be purchased from nomad traders or farm shops, serving as loyal companions and fast-attacking fighters despite not being the sturdiest. They will eat nearly anything and are favored by groups like Rebel Farmers as guardians.",,,Bonedog,"Animals, Characters, Playable"
Domesticated Bull,,"Domesticated Bulls are tamed animals used by the Holy Nation to carry heavy loads over long distances. They have their horns cut short when young, making them less dangerous than wild bulls but better suited as pack animals. They can be purchased from Holy Farm Leaders at any Holy Farm and are strong enough to defend themselves if attacked.",,,"Domesticated Bull, Domesticated_Bull","Animals, Characters, Playable"
Double-Barrel Harpoon Turret,,"The double-barrel harpoon turret is a defensive structure that fires large bolts at enemies. It can be built on the ground or mounted on walls, and its effectiveness depends on the skill of whoever operates it. Firing from higher ground makes these turrets more deadly, and they can be fitted with spotlights to help operators work at night.",,,"Double-Barrel Harpoon Turret, Double-Barrel_Harpoon_Turret, DoubleBarrel Harpoon Turret",Buildings
Dreg,,"Dreg is a vast, sparsely populated zone west of Okran's Gulf, mainly inhabited by Western Hive but also bordering Holy Nation territory. The land is considered dead for prospecting, though some copper and iron can be found among sparse vegetation. Small groups of nomads, outlaws, bandits, and occasionally Fogmen or Cannibals wander the area, but there are no major towns or ancient ruins.",,,Dreg,Zones
Drifter's Last,,Drifter's Last is a major town in the Hook region controlled by the United Cities. It is home to Lady Merin of the Noble Circle and has farms outside its walls. The area is frequently attacked by Outlaw Farmers.,,,"Drifter's Last, Drifter's_Last, Drifters Last","Locations, United Cities"
Drifter's Last General Shop,,"Drifter's Last General Shop is a store that sells footwear, headgear, and travel items. It operates during the day and is found in United Cities territory.",,,"Drifter's Last General Shop, Drifter's_Last_General_Shop, Drifters Last General Shop","Town Residents, Vendors"
Drifters Leather Jacket,,The Drifter's Leather Jacket is a black leather jacket with the right sleeve cut off and a brown sash tied around the waist. It's a common piece of light armor found in many shops across the wasteland and sometimes discovered among old ruins. The design is practical for desert wanderers who need some protection without being weighed down.,,,"Drifters Leather Jacket, Drifters_Leather_Jacket","Armour, Body Armour, Light Armour"
Drifters Leather Pants,,"Drifters Leather Pants are black leather pants folded at the knee, held up by a brown belt with an extra strap wrapped around the left leg. They are common light armor worn by travelers and can be found in various shops across the land or crafted at a leather armour bench. A heavier plated version also exists for those seeking more protection.",,,"Drifters Leather Pants, Drifters_Leather_Pants","Armour, Legwear, Light Armour"
Drifters,,"Drifters, also called Outlanders, are independent wanderers who live off the land rather than belonging to any organized faction. They range from inexperienced civilians traveling through safer territories to experienced adventurers exploring dangerous places like the Forbidden Zone. Some Drifter groups are hostile and attack strangers on sight, while others keep to themselves unless threatened, and a few can be hired as companions.",,,Drifters,Factions
Drin,,"Drin is a partially ruined military outpost in Bast controlled by the United Cities. It was likely damaged during the Holy Nation's invasion into the region but has since been reclaimed and now serves as the largest UC garrison in Bast. The settlement houses UC samurai and still has an old bar, functioning as a base for organizing patrols throughout the area.",,,Drin,"Article stubs, Locations, United Cities"
Drone,,Drones are worker members of the Southern Hive who live in the Royal Valley. They defend their villages and will attack outsiders who enter Southern Hive territory. They are part of the Hive race and serve as the labor force for their society.,,,Drone,"Characters, Southern Hive"
Dust Bandits,,"Dust Bandits are a hostile bandit faction that operates around the Border Zone, known for their distinctive spiked helmets and makeshift armor. They are better trained than common bandits and often extort travelers or demand tribute from settlements to avoid raids. The group is led by the Dust King, a powerful bandit lord who commands from Dust King Tower, and their ranks include outcasts and criminals from nearby regions like the Holy Nation and Shek Kingdom.",,,"Dust Bandits, Dust_Bandits",Factions
Dust King,,"The Dust King is the leader of the Dust Bandits and lives in the Dust King Tower. He is protected by an army of bandits and is wanted by the United Cities, the Holy Nation, and the Shek Kingdom. If he is killed, the Dust Bandits will stop demanding tribute from outposts.",,,"Dust King, Dust_King","Bosses, Bounty, Characters, Dust Bandits, Unique"
Dust King Tower,,"The Dust King Tower is a fortified stronghold in the Border Zone where the infamous Dust King rules over his bandit gang. The tower sits on a cliffside overlooking a river and is heavily defended by walls, gates, and crossbows manned by Dust Bandits and their bosses. A prisoner named Cat is held on the third floor, and the tower contains valuable weapons and armor.",,,"Dust King Tower, Dust_King_Tower",Locations
Dustwich,,"A Dustwich is a dry, unpleasant food made from cactus paste pressed between two slices of bread. It's commonly eaten in desert regions despite its reputation for being so unappetizing that some blame it for contributing to despair. The dish can be bought from traders or cooked at home if you know desert cooking techniques.",,,Dustwich,"Items, Nutrition"
Eagle's Cross,,"Eagle's Cross is a rare, long-range crossbow favored by snipers for its exceptional reach and power. It uses special long bolts and requires considerable skill to wield effectively, making it dangerous to allies in untrained hands. This weapon excels at eliminating distant targets and piercing heavy armor, though it performs poorly at close range.",,,"Eagle's Cross, Eagle's_Cross, Eagles Cross",Crossbows
Edgewalkers,,"The Edgewalkers were an ancient weapon manufacturer known for producing some of the finest quality blades in history. Their weapons are extremely rare and valuable, typically owned only by the strongest warriors or wealthiest individuals. These ancient arms can occasionally be found as artifacts in old ruins or acquired from specialized traders like the Scraphouse.",,,Edgewalkers,Manufacturers
Elder Beak Thing,,"Elder Beak Things are exceptionally large and powerful Beak Things that have grown to great size with age. They roam the Bonefields and High Bonefields, moving faster and striking harder than younger members of their kind. Their massive size gives them a long reach in combat, making them extremely dangerous to groups of travelers who venture too close.",,,"Elder Beak Thing, Elder_Beak_Thing","Animals, Characters"
Elder Blood Spider,,"Elder Blood Spiders are exceptionally large and ancient blood spiders found only at the Tower of Spiders. Though individually fragile, they appear in massive swarms that can overwhelm even experienced fighters. Their great age makes them far more dangerous than typical blood spiders encountered elsewhere.",,,"Elder Blood Spider, Elder_Blood_Spider","Animals, Characters"
Elder Crab,,"Elder Crabs are larger and stronger versions of common crabs that occasionally wander the eastern lands like Greenbeach and The Pits East. Though tougher than ordinary crabs, they are still weaker than the massive Megacrabs and tournament-bred specimens. They are mature creatures, fully grown and more dangerous than younger crabs.",,,"Elder Crab, Elder_Crab","Animals, Characters"
Elite Droneguard,,"Elite Droneguards are the personal guards of the Queen of the South in the Southern Hive territories. They are highly skilled soldier drones, far more capable than standard Droneguards, and protect the Queen directly. They will attack anyone who trespasses into the Queen's domain.",,,"Elite Droneguard, Elite_Droneguard","Characters, Southern Hive"
Elite Hunter,,"Elite Hunters are the special forces of the United Cities, sent to eliminate high-value targets who have angered the Empire or Trader's Guild. They are highly skilled warriors with excellent equipment and identify themselves by unique names rather than ranks. They typically attack in small groups and are known for their deadly efficiency in combat.",,,"Elite Hunter, Elite_Hunter","Characters, United Cities"
Emperor Anzai,,"Emperor Anzai was the former ruler of the United Cities before Emperor Tengu. He died in battle during the Red Rebellion, which many believe was secretly orchestrated by Longen of the Traders Guild, possibly with help from the Nobles. His reign and death are mostly remembered through whispers and an unsigned letter called Puppet.",,,"Emperor Anzai, Emperor_Anzai",United Cities
Emperor Tengu,,"Emperor Tengu is the current leader of the United Cities, ruling from his throne room in Heft alongside his diplomat Koin and a large retinue of elite guards. He is known for being impulsive and lacking common sense compared to his predecessor, and maintains power through fear with his Inner Circle of four cruel nobles. Despite his fearsome reputation and stories of his mysterious Vault where enemies are sent, Tengu is only an average fighter who relies heavily on his bodyguards for protection.",,,"Emperor Tengu, Emperor_Tengu","Bosses, Characters, Leaders, Nobles, Unique, United Cities"
Endin,,"Endin is a ruined city in Bast controlled by the United Cities. It was largely destroyed by the Holy Army along with the cities of Bast and Drin. The only intact building is a storm house inhabited by harmless vagrants and exiles, with no Samurai guards present.",,,Endin,"Locations, United Cities"
Esata the Stone Golem,,"Esata the Stone Golem is the current leader of the Shek Kingdom, ruling from Admag alongside her daughter Seto and her advisor Bayan. She earned her battle name as one of The Five Invincibles and took power after defeating the previous emperor Shager in combat when she opposed his plan for a suicidal assault on The Holy Nation. Unlike past leaders, Esata seeks to balance the Shek's warrior traditions with strategic thinking to prevent her people from fighting themselves into extinction, though this pragmatic approach has divided her battle-hungry citizens.",,,"Esata the Stone Golem, Esata_the_Stone_Golem","Bosses, Bounty, Characters, Leaders, Shek Kingdom, Superbosses, Unique"
Exile Plank,,"The Exile Plank is a hefty sword once taken from a defeated Shek Guardian. Without their name, status, or prized weapons, the shamed ones walk the land forever as lost ghosts. It is a type of heavy plank weapon that must be carried in a backpack or equipped, as it does not fit in standard inventories.",,,"Exile Plank, Exile_Plank","Heavy Weapon, Weapons"
Eyegore,,"Captain-General Eyegore is a hiveless Southern Soldier Drone who leads the United Cities army. He is considered the Empire's ultimate solution to serious problems and will personally lead a final assault against those who have severely angered the United Cities. He wears samurai armor and wields a desert sabre, commanding squads of samurai warriors in his raids.",,,Eyegore,"Bosses, Characters, Hivers, Raiders, Samurai, Superbosses, Traders Guild, Unique, United Cities"
Eyesocket,,"Eyesocket is a slave camp located on a small hill in the Stormgap Coast region, run by Slave Master Grande. It supplies nearby settlements and serves as a place where slaves are bought and sold. If Slave Master Grande is killed or taken, the camp falls into ruin and becomes abandoned.",,,Eyesocket,"Article stubs, Locations"
Eyesocket (Alpha),,"Eyesocket was once a town controlled by the Holy Empire, located in the central regions near Telbooze, Black Scratch, and Skinner's Roam. In later times, the town changed allegiance and became part of the United Cities instead.",,,"Eyesocket (Alpha), Eyesocket_(Alpha), Eyesocket Alpha",Removed Content
Falling Sun,,"The Falling Sun is a ridiculously unwieldy heavy weapon sometimes used by Skeletons, widely known as a 'Suicide Blade' because it often gets its users killed. It requires both dexterity and strength to wield properly, and is the lightest of the heavy weapons. An experienced user is someone to be feared, as the weapon can deal devastating damage in a single strike.",,,"Falling Sun, Falling_Sun","Heavy Weapon, Weapons"
Finch,,Finch is a Hive Prince who leads the Machinists faction and resides in World's End. Finch refers to Iyo as his assistant and directs visitors to speak with them about historical matters.,,,Finch,"Characters, Hivers, Unique"
Fishman Island,,"Fishman Island is a small zone south of the Bonefields, accessible by a bridge so travelers do not need to swim. The area experiences mad rain with occasional acid rain. It contains ancient ruins and nests but has no permanent settlements or outposts.",,,"Fishman Island, Fishman_Island",Zones
Fishmen,,"Fishmen, also called Gurglers, are fish-like creatures living on Fishman Island south of Catun. They infest the ruins of Fish Isle and are led by King Gurgler, who dwells in the Island Lab. Though individually weak, they attack in large groups and capture injured victims to eat them alive at their nests.",,,Fishmen,"Factions, Fishmen"
The Five Invincibles,,"The Five Invincibles are the greatest warriors of the Shek Kingdom, found at their headquarters in Admag. They lead the most important military assaults for the Shek and will join Kral's Chosen if Esata the Stone Golem is killed or imprisoned. They wear specialist-grade armor and carry weapons made by Skeleton Smiths.",,,"The Five Invincibles, The_Five_Invincibles",Characters
Flat Topper,,"The Flat Topper was a hacker-class weapon that mixed cutting and blunt damage, favored by thugs for its reliance on brute force over finesse. It was removed from the world when the map changed, with longswords taking its place. Though no longer found, some say the design still exists somewhere in forgotten records.",,,"Flat Topper, Flat_Topper","Removed Content, Retired Items"
Flats Lagoon,,"Flats Lagoon is a relatively safe zone in the southeastern lands, bordered by Bonefields, Shem, Venge, Stobe's Gamble, and Greyshelf. A land bridge south of the town allows travelers to reach Mourn without swimming.",,,"Flats Lagoon (Zone), Flats_Lagoon_(Zone), Flats Lagoon Zone",Zones
Flats Lagoon Bar,,"Flats Lagoon Bar is a drinking establishment located in Flats Lagoon. It serves as the regular hangout of Chad, a well-known tech hunter in the region.",,,"Flats Lagoon Bar, Flats_Lagoon_Bar","Town Residents, Vendors"
Flatskins,,"Flatskin is a derogatory term used by Shek to describe humans, referring to their lack of horns and the rough bone plates that cover Shek skin. The term reflects the importance of horns in Shek culture and highlights the physical differences between the two races.",,,Flatskins,Lore
Flesh Cleaver,,"The Flesh Cleaver is a crude hacking weapon designed to maim rather than cause bleeding, favored by Cannibals and Shrieking Bandits. Its blunt design makes it effective at cutting and stunning victims through sheer brutality. The weapon is particularly nasty against human targets but less effective against animals.",,,"Flesh Cleaver, Flesh_Cleaver","Hacker, Weapons"
Floodlands,,"The Floodlands is a gloomy, flooded swamp caught in endless rain, littered with ancient industrial ruins from a time when machines built more machines in staggering quantities. The land is dead and barren, exploited long ago to feed an insatiable hunger. Only Iron Spiders and Skeletons roam these desolate ruins now.",,,Floodlands,Zones
Flotsam Village,,"Flotsam Village is a settlement in the Hidden Forest led by Moll and protected by the Flotsam Ninjas. It shelters refugees and deserters from the Holy Nation, though many residents still worship Okran and distrust skeletons. If Moll dies or is imprisoned, the village falls to Cannibals and becomes overrun.",,,"Flotsam Village, Flotsam_Village","Article stubs, Locations"
Flying Bull,,"Flying Bull, also called Ida, is a massive Shek warrior who leads Kral's Chosen from his rebel outpost at New Kralia. He was a devoted follower of the former king Shager and rejected the Stone Golem's leadership, calling her a coward for making peace with the Holy Nation instead of fighting to the end. He carries a unique axe gifted by Shager and is considered an extremist and traitor by the current Shek Kingdom.",,,"Flying Bull, Flying_Bull","Bosses, Bounty, Characters, Unique"
Fog Deathyard,,"Fog Deathyards are camps that appear in the Fog Islands, marked by torch posts, bone-decorated stakes, and prisoner poles. Fogmen bring unconscious victims to these places to worship and devour them, often attracting Fog Princes to feed on captives. If certain faction leaders like The Queen or Phoenix are killed, these deathyards can spread into their former territories.",,,"Fog Deathyard, Fog_Deathyard","Fogmen, Spawning Locations"
Fog Islands,,"The Fog Islands are valleys shrouded in perpetual low fog, littered with massive metal scraps from a forgotten civilization. Savage cannibalistic Fogmen, believed to be Hivers who lost their Queen's influence long ago, hunt through the mist to capture and devour travelers. The free city of Mongrel stands as the only safe refuge in this dangerous land, never falling to the Fogmen despite their constant threat.",,,"Fog Islands, Fog_Islands",Zones
Fogmen,,"Fogmen are savage Hivers who inhabit the Fog Islands, having lost their minds to some kind of parasite that controls them from within. They attack anyone who enters their territory, dragging victims back to camps where they are tied to poles and eaten alive by Fog Princes or Fog Heavies. Though individually weak fighters, they travel in large groups and can overwhelm even skilled warriors through sheer numbers.",,,Fogmen,"Factions, Fogmen, Hivers"
Foodcube,,"Foodcubes are dense, nutritious blocks made from a mixture of bread and greenfruit. They are disappointing to eat but practical for travel rations. They can be cooked or purchased from traders throughout the land.",,,Foodcube,"Items, Nutrition"
Forbidden Isle,,"The Forbidden Isle is a small, hostile landmass east of Stormgap Coast, overrun by legions of Iron Spiders emerging from an ancient Spider Factory at its center. Aggressive Tech Hunters also roam the isle, seeking lost secrets amid the ruins. Frequent acid rain blankets the island, making exploration extremely dangerous without proper protection.",,,"Forbidden Isle, Forbidden_Isle",Zones
Forbidden Sympathy,,"Forbidden Sympathy is an illegal book written by an unknown author in the Holy Nation. It argues that all people, regardless of race or status, deserve compassion and that spiritual teachings should progress alongside knowledge and technology. Possession of this book is forbidden in Holy Nation lands and will result in arrest.",,,"Forbidden Sympathy, Forbidden_Sympathy",Books
Foreign Sabre,,"The Foreign Sabre is an exotic blade believed to have come from the Black Desert. Despite being mocked in bars and carrying a social stigma, it is actually a defensive masterpiece that should not be underestimated. The finest example of this weapon is carried by the Bugmaster.",,,"Foreign Sabre, Foreign_Sabre","Sabre, Weapons"
Fort Mirage,,"Fort Mirage is a small outpost in The Great Desert controlled by Lord Mirage and garrisoned by City Heroes of the United Heroes League. Visitors are attacked on sight, and the fort is defended by mounted crossbow turrets. It serves as a minor stronghold for the faction in the desert wastes.",,,"Fort Mirage, Fort_Mirage","Locations, United Heroes League"
Fort Simion,,"Fort Simion is an outpost in Sinkuun controlled by the Rebel Farmers, where their leader Boss Simion resides. The settlement is defended by gate guards and garrisons, and roaming squads may attack outsiders who aren't allied with them. In earlier times, Fort Simion was a major town under Holy Empire control.",,,"Fort Simion, Fort_Simion",Locations
Fragment Axe,,"The Fragment Axe is a massive heavy weapon built like a sword, favored by the Shek for its impressive size and brutal power. It is extremely heavy and difficult to wield, requiring great strength to swing effectively. These axes are commonly found in Shek Kingdom shops, and a legendary Meitou quality can be taken from Esata the Stone Golem or Mukai the Mountain.",,,"Fragment Axe, Fragment_Axe","Heavy Weapon, Weapons"
The Free City,,The Free City is a settlement in Stobe's Gamble controlled by the Anti-Slavers when Tinfist lives and certain other leaders have fallen. It serves as a small waystation with few inhabitants and basic shops. The settlement appears to be a staging point for Anti-Slaver expansion into the desert regions.,,,"The Free City, The_Free_City",Locations
Free Traders,,"The Free Traders are a small faction that runs farm shops in United Cities towns and operates a single trade caravan led by Harmothoe. They strictly forbid hemp production and related goods like biofuel distilleries, hemp farms, bloodrum, and hashish in their territories. Their caravan travels between towns such as Trader's Edge and Heng.",,,"Free Traders, Free_Traders",Factions
Item Furnace,,An Item Furnace is a building used to melt down items into raw iron. Weapons and metal armor can be burned to recover iron based on their weight or coverage. Many crafted items containing iron in their production chain also yield small amounts of raw iron when melted.,,,"Item Furnace, Item_Furnace",Buildings
Garru,,"Garru are common wild herbivores found across many regions, recognizable by their floppy ears, humped backs, and wrinkly skin. They travel in herds and are often tamed as pack beasts by traders and the Western Hive. Though generally peaceful, they become skittish if approached too closely and will attack if provoked, proving surprisingly tough in combat.",,,Garru,"Animals, Characters"
Gatwood the Soft,,"Gatwood the Soft was the legendary founder of modern martial arts who lived hundreds or thousands of years ago, possibly during the Second Empire. He trained Tinfist and was known for never taking a single life despite his mastery. His name suggests he may have been easygoing or carefree, and his teachings still influence martial artists today.",,,"Gatwood the Soft, Gatwood_the_Soft","Characters, Lore"
General Hat-12,,"General Hat-12 was the Chief of the Second Empire's police force. He is a skeleton who can be found in Ashland Dome IV, wearing armoured rags and carrying a heavy jitte. He was a member of the Second Empire and still exists in the ruins of that fallen civilization.",,,"General Hat-12, General_Hat-12, General Hat12","Characters, Unique"
General Jang,,"General Jang is a Skeleton who leads the Hydraulic Knights of the Second Empire and resides in Ashland Dome III. He is known for fighting pirates and cannibals, who call him 'The Inedible One.' Removing his AI Core or CPU will kill him instantly.",,,"General Jang, General_Jang","Characters, Unique"
Metal Purity,,Their products were better than rusted weapons from unknown makers but not as strong as higher-grade manufacturers. The company no longer operates in the current era.,,,"Metal Purity, Metal_Purity","Manufacturers, Removed Content"
Gi,,"A gi is a simple cloth garment worn on the torso, often paired with gi pants. It can be made at a clothing bench and is a basic piece of attire. A black variant called a ninja gi also exists.",,,Gi,"Armour, Body Armour, Clothing"
Gi Pants,,Gi pants are simple white legwear that form part of a traditional gi outfit when worn with the matching top. A black version exists called ninja pants. These pants are commonly associated with martial artists and are notably worn by the wanderer Crumblejon.,,,"Gi Pants, Gi_Pants","Armour, Clothing, Legwear"
Goat,,"Goats are small herbivores with bony faceplates that roam in groups across many regions and are often domesticated by Nomads. They can be hunted for meat and skin, but are tougher fighters than they appear and can surprise inexperienced hunters. Domesticated goats can be purchased from Nomad herders and will eat any type of food. They mature quickly and are relatively fast, though they cannot haul goods like other animals.",,,Goat,"Animals, Characters, Playable"
Gohan,,"Gohan is a filling meal made from rice and vegetables, commonly found in The Swamp where riceweed grows plentifully. It provides good nutrition and is often sold cheaply in swamper settlements. Unlike other cooked foods, it can be prepared without needing water for cooking.",,,Gohan,"Items, Nutrition"
Gorillo Bandit,,"Gorillo Bandits are unarmed members of The Gorrillo Bandits who roam the Bonefields and Flats Lagoon, harassing settlements and travelers. They are easily recognized by their unnaturally bulky arms and hunchbacked posture, and wear very little armor. Some are wanted by the United Cities and Shek Kingdom for their crimes.",,,"Gorillo Bandit, Gorillo_Bandit","Bounty, Characters"
Gorillos,,"Gorillos are wild animals found in various regions including Greyshelf, Sniper Valley, Sonorous Dark, Stobe's Gamble, Stobe's Garden, and The Crags. Black gorillos are the most common variety, while Great White Gorillos and War Gorillos are separate from the typical gorillo groups.",,,Gorillos,Factions
Gorrillo Leader,,"Gorrillo is an unusually large and dim-witted bandit leader wanted for robbery, assault, and destruction of property in the lost town of Mourn. He leads the Gorrillo Bandits and hides out in the Old Prison somewhere in the Forbidden Zone. His bounty can be claimed in the Shek Kingdom or United Cities, with Catun being the nearest collection point.",,,Gorrillo,"Bosses, Bounty, Characters, Unique"
Grand Fish,,"The Grand Fish is considered the king of the two known fish species in the world. It can be found in swampy regions and fishing villages. Unlike the smaller Thinfish, Grand Fish cannot be dried for preservation.",,,"Grand Fish, Grand_Fish","Items, Nutrition"
Grass Pirates,,"The Grass Pirates are a bandit faction that operates around The Eye and Stormgap Coast, constantly fighting with the United Cities over territory. They are hostile to travelers and can be recognized by their worn sleeveless dustcoats. Unlike most bandits, they are notably skilled in hand-to-hand combat.",,,"Grass Pirates, Grass_Pirates",Factions
Grayflayer Village,,"Grayflayer Village is a settlement deep in the Swamp, controlled by the Swampers but truly run by the Grayflayers under their leader Big Gray. The Grayflayer headquarters is located here. Travelers can find it by exploring the swamp or by reading a Map of the Swamps.",,,"Grayflayer Village, Grayflayer_Village",Locations
Grayflayers,,"The Grayflayers are one of five gangs operating in The Swamp, led by Big Gray. They control the city of Shark and Grayflayer Village, dealing primarily in hashish like the other swamp gangs. Their smugglers are commonly seen at the Smugglers Bar and in Grey Desert, though they are considered one of the smaller gangs compared to groups like the Hounds and Blackshifters.",,,Grayflayers,"Factions, Grayflayers, Swamp Gangs, Swampers, Swamps"
Great White Gorillo,,"The Great White Gorillo is a massive and exceptionally dangerous variant of the common gorillo, locked away in a laboratory building in the center of Mourn. It is far stronger and faster than ordinary gorillos, and killing it is considered a notable feat-so much so that bringing one of its claws to a bar will earn congratulations and free drinks. Its blood is a deep red, and it is known to be quite old and formidable.",,,"Great White Gorillo, Great_White_Gorillo","Animals, Characters, Unique"
Greenbeach,,"Greenbeach is a coastal zone controlled by the Crab Raiders, who sometimes clash with Reavers. The area is known for its large population of crabs and occasional sightings of beak things. It borders The Outlands, Stobe's Garden, and The Pits East, but has no major towns or ancient ruins.",,,Greenbeach,Zones
Greenfruit,,"Greenfruit is a vegetable used as a cooking ingredient, despite its misleading name. It cannot be eaten raw and must be processed at a cooking stove or turned into biofuel. It is grown on farms and can be purchased from trade goods traders or certain vendors.",,,Greenfruit,"Farming, Items"
Greenlander,,"Greenlanders are the most common type of human found throughout the world, especially in the Holy Nation territories. They have no particular strengths or weaknesses, making them adaptable to any role or environment. Unlike some other races, they require standard protective gear when traveling through harsh weather conditions.",,,Greenlander,Races
Grey Desert,,"The Grey Desert is a small, mostly empty zone bordered by some of the most polluted lands in the world, including the Deadlands, Venge, and the Black Desert. A single Tech Hunter waystation serves as the last resupply point before travelers head deeper into the wastes. Wandering groups of traders, nomads, bloodraiders, and occasional thralls from Venge pass through the area.",,,"Grey Desert, Grey_Desert",Zones
Greyshelf,,"Greyshelf is a highland zone in the southeast, separated from Royal Valley by mountains and bordering the Southern Hive's heartlands. The area is known for its gorillo populations and old armories, some claimed by the Southern Hive. Travelers should beware of acid rain that sometimes falls in this region.",,,Greyshelf,"Article stubs, Zones"
Grog,,"Grog is a traditional weak alcoholic drink made from wheatstraw and water. It's brewed in grog machines and stored in special barrels. Despite being alcohol, even skeletons are known to drink it in their bars and settlements.",,,Grog,Items
Gurgler,,"Gurglers are the most common type of Fishmen found roaming in large packs on Fishman Island, south of the Bonefields. They are not particularly skilled fighters but rely on overwhelming numbers to take down enemies. Like other Fishmen, they fight using their claws in unarmed combat.",,,Gurgler,"Characters, Fishmen"
Gurgler Egg,,"Gurgler eggs are creepy fishman eggs stolen from gurgler nests found on Fishman Island. These large eggs come from the gurglers, one of the fishman breeds that inhabit the dangerous coastal regions.",,,"Gurgler Egg, Gurgler_Egg","Fishmen, Items"
Gut,,"Gut is a dangerous region east of the desert known for its distinctive sky-blue sands and scattered iron trees. The area is infested with beak things, making travel extremely hazardous, though the creatures provide valuable resources for those brave enough to hunt them. The zone takes its name from the gutters that inhabit the area, and it lacks any major settlements or ancient ruins.",,,Gut,Zones
Gutters,,"The Gutters are a faction consisting entirely of Beak Things, dangerous predatory creatures found primarily in Gut and scattered across many harsh regions of the world. These beasts roam in squads and establish nests in desolate areas like the Bonefields, Cannibal Plains, and Venge. They are wild animals rather than an organized group, posing a deadly threat to travelers in their territories.",,,Gutters,Factions
Harpoon Turret,,"Harpoon Turrets are defensive installations used to guard outposts and buildings. They can be mounted on walls or placed freely, and their effectiveness depends on the operator's skill and the height advantage over targets. An upgraded version exists that can be fitted with a spotlight for nighttime defense.",,,"Harpoon Turret, Harpoon_Turret",Buildings
Hashish,,"Hashish is a narcotic drug made from hemp that is illegal in most towns throughout the world. Getting caught smuggling it can lead to arrest, but it remains popular in borderland areas where laws are less strictly enforced. It can be purchased in Hive Villages and The Swamp, or produced by processing hemp in illegal structures that may attract unwanted attention from authorities.",,,Hashish,Items
Head of Agriculture,,"The Head of Agriculture is a Skeleton who once served the Second Empire. They now reside in Ashland Dome I, surrounded by Legion Thralls. This ancient figure carries a legendary short cleaver and possesses a unique CPU core from their former role.",,,"Head of Agriculture, Head_of_Agriculture","Characters, Unique"
Heft,,"Heft is the capital of the United Cities, located in the Great Desert. It is home to Emperor Tengu, the leader of the United Cities, along with Lord Ohta and the diplomat Koin. The town features notable shops including an armory with high-quality armor, a thieves guild, and a robotics workshop.",,,Heft,"Locations, United Cities"
Heft (Alpha),,"Heft was an old town that sat on a cliff in the southeast, marked by a large metal cage at its center. It was once controlled by Dead Cat and located near Bark and Black Scratch. The town eventually became a major city in the United Cities.",,,"Heft (Alpha), Heft_(Alpha), Heft Alpha",Removed Content
Heft Armory,,Heft Armory is an armour shop run by the Tech Hunters in the town of Heft. The shop stocks various protective gear and restocks its inventory regularly. Its presence may change depending on events in the world.,,,"Heft Armory, Heft_Armory","Town Residents, Vendors"
Heft Armory,,Heft Armory is an armor shop run by the Tech Hunters in the town of Heft. The shop stocks various protective gear and restocks its inventory regularly. Its presence may change depending on events in the world.,,,"Heft Armory, Heft_Armory","Town Residents, Vendors"
Hemp,,"Hemp is a raw material grown on farms that is commonly used to make fabrics and clothing. It can also be processed into fuel or medical items. The United Cities consider it illegal because it can be turned into hashish, though other factions do not outlaw hemp itself.",,,Hemp,"Farming, Items"
Heng,,"Heng is a major United Cities settlement built on a rocky plateau, connected by a metal bridge to its satellite city, Trader's Edge, which houses the Traders Guild headquarters. It serves as the Empire's main trading hub and is heavily defended, with Lord Yoshinaga residing in the Noble House under guard. The town is supported by several slave camps and features a Thieves Guild and a Robotics Workshop for repairs.",,,Heng,"Locations, United Cities"
Heng (Zone),,"Heng is the heartland of the United Cities and home to the Traders Guild, centered around a major city of the same name. The zone is crowded with slave caravans, merchant convoys, mercenaries, bounty hunters, and manhunters all seeking profit, as well as escaped slaves and rebels trying to survive. It is a dangerous land of opportunity where fortunes can be made or lost, and strangers are often targeted by opportunists on all sides. The region experiences great desert conditions and borders zones like Howler Maze, Gut, The Eye, Skimsands, and The Great Desert.",,,"Heng (Zone), Heng_(Zone), Heng Zone",Zones
Hidden Forest,,"Hidden Forest is a sparse, rocky forested region known as the hideout of the Flotsam Ninjas. The area is infested with Cannibals and dangerous creatures, with locals whispering that it lies near the mouth of the abyss where demons and unholy monsters emerge. The northern areas near the coast have better water and soil, while the south is mostly barren rock.",,,"Hidden Forest, Hidden_Forest",Zones
High Bonefields,,"The High Bonefields is a mountain range located north of Catun. It is a barren, uninhabited region with no settlements or ancient ruins. The area experiences dry boneyard conditions and is known for its desolate terrain.",,,"High Bonefields, High_Bonefields","Article stubs, Zones"
High Inquisitor Seta,,High Inquisitor Seta is a high-ranking member of the Holy Nation's Inquisition and serves as part of the Holy Lord Phoenix's command. He governs the southern cities of Stack and Bad Teeth and commands the forces defending against the Shek Kingdom along the southern border. His death or capture severely weakens the Holy Nation's southern front and can trigger major shifts in territorial control across multiple regions.,,,"High Inquisitor Seta, High_Inquisitor_Seta","Bosses, Bounty, Characters, Holy Nation, Inquisitors, Superbosses, Unique"
High Inquisitor Valtena,,"High Inquisitor Valtena is a powerful commander of the Holy Nation's Inquisition, stationed at Okran's Shield and leading the northern and eastern military campaigns against the United Cities in Bast and Skimsands. He commands vast forces and can personally lead the Wrath of God event against enemies of the Holy Nation. His death would trigger the collapse of the northeastern front, causing widespread chaos and shifts in territorial control across multiple regions.",,,"High Inquisitor Valtena, High_Inquisitor_Valtena","Bosses, Bounty, Characters, Holy Nation, Inquisitors, Superbosses, Unique"
High Overseer,,"High Overseers are the commanding authority figures who run the Holy Nation's mines. They oversee daily operations, keep the Lower Servants in line, and command the garrison of Slavers, Paladins, and Holy Sentinels stationed at the mine. They dress similarly to High Paladins but do not wear helmets or carry a Paladin's Cross. Killing a High Overseer does not shut down the mine itself.",,,"High Overseer, High_Overseer",Characters
High Paladin,,"High Paladins are elite squad leaders and bodyguards in the Holy Nation army, often commanding patrols of Paladins and Holy Servants. They hold senior rank and do not answer to the priestly caste, though they report to their own commanders and inquisitors. High Paladins enforce Holy Nation law in their lands, sometimes giving aid to human men but demanding non-humans surrender as slaves or face hostility.",,,"High Paladin, High_Paladin","Characters, Holy Nation, Paladins"
Hive,,"Hivers are stick-like humanoids who live under collective hive minds ruled by queens and princes, hatching from eggs through the queen's parthenogenesis. When separated from their hive too long, they lose their mental bond and become Hiveless, gaining free will but feeling purposeless and often seeking new masters or turning to crime. The two main hives are the Western Hive, which is large and trades peacefully with outsiders, and the smaller, violent Southern Hive in the southeast. Hivers completely cut off from their queen can become corrupted into insane, cannibalistic Fogmen.",,,Hive,"Hivers, Races"
Hive Bandit,,Hive Bandits are members of the Western Hive who turn to banditry after their Hive Queen is killed or kidnapped. They roam in small groups led by a Hive Bandit Leader across western and some eastern regions. They wear ragged armor and carry bladed weapons or polearms.,,,"Hive Bandit, Hive_Bandit",Characters
Hive Prince,,"Hive Princes are a rare subrace of Western Hivers who evolved to be more independent and can remain separated from the main Hive for long periods. They are the most intelligent of all Hiver breeds and do not eat Foul Raw Meat like other Hivers. Free Princes are uncommon because of their independent nature, though versions exist among the Dead Hive and Southern Hive as well.",,,"Hive Prince, Hive_Prince","Hivers, Races"
Hive Queen,,"Hive Queens are the rare rulers of the Hiver race, distinguished by their six antennae and the metal dispenser units fused to their bodies. Only two are known to exist: the Queen of the West and the Queen of the South. Despite their organic appearance, their bodies are partly mechanical and cannot be healed with ordinary bandages.",,,"Hive Queen, Hive_Queen","Hivers, Races"
Hive Village,,"Hive Villages are settlements of the Western Hive found in the regions of Vain and Dreg. They are inhabited by worker drones who labor and flee from danger, soldier drones who guard the village with polearms, and hive princes who act as traders. The villagers refuse to trade with hiveless individuals, and if the Queen dies, these villages fall to Fogmen or potentially Slave Traders.",,,"Hive Village, Hive_Village",Locations
Hive Worker Drone,,"Hive Worker Drones are a subrace of the Western Hive, known for their skills in thievery and building. They have weaker limbs that are prone to injury, often requiring replacement with robotic parts. They are immune to certain weather conditions and have restrictions on what equipment they can wear.",,,"Hive Worker Drone, Hive_Worker_Drone","Hivers, Races"
Holy Citizen,,Holy Citizens are Greenlander residents of Holy Nation cities and the free populace alongside farmers. They rank above the slave castes and react with surprise to seeing unshackled Shek or other non-humans. They typically purchase rice bowls and cactus rum for their daily needs.,,,"Holy Citizen, Holy_Citizen","Characters, Disambiguations"
Holy Edict,,"The Holy Edict is a decree from Holy Lord Phoenix LXII condemning foreign women for wearing jewelry made of gold, silver, and iron. It declares that such materials should be used for tools to maintain order, not for vanity, and orders that any woman wearing jewelry without a guardian be flogged until she repents. The edict reflects the Holy Nation's strict religious laws and their hostility toward outsiders, particularly those from more luxurious societies.",,,"Holy Edict, Holy_Edict",Books
Holy Farms,,"Holy Farms are scattered agricultural settlements throughout Holy Nation territory that supply food for the faction. They are worked by Holy Farmers and their wives, growing crops like wheat, greenfruit, cotton, and occasionally cactus. If Phoenix dies and Esata lives, the farmers complain about Shek raiders demanding tribute, though the farms remain under Holy Nation control.",,,"Holy Farms, Holy_Farms","Holy Nation, Locations"
Holy Farm Leader,,"Holy Farm Leaders are Greenlander men who run Holy Farms in Holy Nation territory. They wear turbans and white vests and carry iron clubs. Unlike most Holy Nation traders, they will trade with non-humans as long as they have no robotic limbs, selling domesticated animals like bulls and dogs along with farm goods.",,,"Holy Farm Leader, Holy_Farm_Leader","Characters, Traders"
The Holy Flame,,"The Holy Flame is the religious book of the Holy Nation, and every citizen is required by law to own one. Carrying it can help avoid trouble with Paladins and Inquisitors, and it is necessary for observing Prayer Day. The book is commonly found throughout Holy Nation territory.",,,"The Holy Flame, The_Holy_Flame","Books, Holy Nation, Items"
Holy Lord Phoenix,,"Holy Lord Phoenix is the 62nd reincarnation of the Lawgiver and supreme leader of the Holy Nation, ruling from his throne room in Blister Hill surrounded by High Paladins and his bodyguard. Raised in isolation and indoctrinated from childhood, he sentenced his own family to death at age sixteen and has dedicated his life to eradicating the Shek Kingdom. His death causes mass panic and chaos throughout the Holy Nation, potentially leading to the collapse of Blister Hill itself.",,,"Holy Lord Phoenix, Holy_Lord_Phoenix","Bosses, Bounty, Characters, Holy Nation, Superbosses, Unique"
Holy Mines,,"Holy Mines are mining outposts scattered across Holy Nation territory where slaves and captured enemies are forced to work under the watch of overseers and guards. Lower Servants and bandits are caged at night and sent to labor during the day. These sites are guarded by Holy Sentinels and Paladins, with additional slavers sometimes present to help manage the operations.",,,"Holy Mines, Holy_Mines","Holy Nation, Locations"
The Holy Nation,,"The Holy Nation is a large democratic farming society guided by the faith of Christianism, centered around Christian's Pride and led by an elected figurehead called the Phoenix. They claim to value freedom, equality, and moral governance, welcoming all visitors and resolving conflicts through peaceful means. The nation has faced repeated raids and border wars but maintains its territory through citizen militias and careful diplomacy. Their records are among the oldest on the continent, dating back to the fall of the First Empire.",,,"The Holy Nation, The_Holy_Nation","Factions, Holy Nation"
Holy Priest,,Holy Priests are high-ranking religious figures of the Holy Nation who devote themselves to the god Okran and typically remain near temples. They lead prayer ceremonies and may lecture female characters or call Paladins to deal with non-human races they view as threats. Freeing a Holy Priest from slavery earns favor with the Holy Nation.,,,"Holy Priest, Holy_Priest",Characters
Holy Seal,,The Holy Seal is a blessed token given by the Holy Lord Phoenix to those who pledge to destroy his enemies and maintain good standing with the Holy Nation. It can be shown to paladins for aid and assistance. The seal is a mark of favor from the Phoenix himself and carries significant value as a holy relic.,,,"Holy Seal, Holy_Seal","Items, Unique"
Horse Chopper,,"The Horse Chopper is a classic sabre with a heavy, curved blade designed for cutting and defending. It's very common across the wasteland and often wielded by Dust Bandits, Red Sabres, and other bandit groups.",,,"Horse Chopper, Horse_Chopper","Sabre, Weapons"
Hounds,,"The Hounds are the most powerful gang in The Swamp and the main growers of hemp, which is used to make hashish, a narcotic illegal in the major nations. Their leader Big Grim is known for being both crazy and clever enough to control the swamp hierarchy. They operate out of Shark and the village of Rot, and will offer protection to those who build bases in The Swamp in exchange for payment or loyalty.",,,Hounds,"Factions, Hounds, Swamp Gangs, Swamps"
Howler Maze,,"The Howler Maze is an uninhabited island connected to the mainland by land bridges, located between Heng and Gut. It is dominated by crabs and scattered with ancient ruins, with occasional escaped slaves wandering through from nearby UC territory. The island experiences acid rain and features what appears to be a crater or old volcano caldera on its southern side.",,,"Howler Maze, Howler_Maze",Zones
Human,,"Humans are the most common race in the world, divided into Greenlanders and Scorchlanders. Greenlanders resemble typical humans with balanced abilities, while Scorchlanders have darker skin, glowing eyes, and silvery hair with natural talent in crafting and agility. Humanity's origins stretch back to an ancient, technologically advanced First Empire, though most people today know little of their own history.",,,Human,Races
Hundred Guardian,,"Hundred Guardians are the elite soldiers of the Shek Kingdom, representing the top one hundred fighters in their society. They patrol the lands, guard major cities like Admag and Squin, and serve as law enforcement within Shek territory. These warriors are neutral but disdainful toward humans, calling them flatskins, and will attack those allied with the Holy Nation. If allied with the Shek Kingdom, wandering Hundred Guardians can be hired temporarily as bodyguards or outpost guards.",,,"Hundred Guardian, Hundred_Guardian","Bodyguards, Characters, Shek Kingdom"
Hydraulic Knight,,"Hydraulic Knights are skeletal warriors from the Second Empire who guard Ashland Dome III. They wear ancient samurai armor and carry nodachi blades forged by skilled skeleton smiths. Five of these mechanical sentinels remain in the dome, standing as remnants of a long-fallen empire.",,,"Hydraulic Knight, Hydraulic_Knight",Characters
Hydroponics,,"Hydroponics are advanced indoor farming structures that allow crops to grow anywhere, regardless of the local environment or soil quality. They require water and electrical power to function, and can cultivate greenfruit, hemp, riceweed, and wheatstraw even in barren or toxic zones. These farms are built with iron plates, electrical components, and seeds of the crop to be grown.",,,Hydroponics,"Buildings, Farming"
Idad,,"Idad was an author who wrote several books about ancient history, legends, and cultural evolution. Based on the scholarly nature of these works, Idad was likely a Machinist. Idad's current whereabouts or fate remain unknown.",,,Idad,"Characters, Lore"
Inquisitor,,"Inquisitors are elite law enforcers and commanding generals of the Holy Nation who run the Inquisitoriums and lead the Holy Army. They seek out heretics of Okran, oversee town police stations, handle prisoners and confiscated goods, and command patrols of Paladins. Inquisitors are powerful warriors who rank among the highest in the Holy Nation, with High Inquisitors serving directly under the Holy Phoenix. They only deal with human males and are dismissive of women and non-humans.",,,Inquisitor,"Characters, Holy Nation, Inquisitors"
Iron HQ,,"Iron HQ is an outpost in The Crags that serves as the headquarters of the Skeleton Bandits, led by Elder. The settlement consists of wallhouses and a central lab where Elder resides. Skeleton visitors have an easier time negotiating with Elder than humans, as the bandits are generally hostile to non-skeletons.",,,"Iron HQ, Iron_HQ","Article stubs, Locations"
Iron Spider,,"Iron Spiders are old robotic creatures that roam regions like the Floodlands, Deadlands, and The Iron Trail. They are weaker than Security Spiders and attack living things on sight with maiming weapons that can cause fatal bleeding. Many broken Iron Spiders litter these areas, making it hard to tell which ones are still active.",,,"Iron Spider, Iron_Spider","Animals, Characters"
Iron Valleys,,"Iron Valleys is a harsh region north of the Deadlands, constantly battered by acid rain and filled with rocky valleys that make travel difficult. The acidic water and partially acidic ground harm those without protection, and Iron Spiders patrol the area. There are no major towns here, only scattered ruins and ancient outposts.",,,"Iron Valleys, Iron_Valleys","WIP, Zones"
Island Lab,,Island Lab is an old Ancient Lab located in Fishman Island. The King Gurgler can be found at this ruined site.,,,"Island Lab, Island_Lab","Article stubs, Locations"
Islands of None,,"The Islands of None are a remote cluster of small islands east of Howler Maze, accessible only by swimming through shallow waters. The land is sparse and mostly unsuitable for settlement, though two northeastern islands have enough resources for a basic outpost. Lone crabs wander the area, but otherwise the islands are empty and undisturbed.",,,"Islands of None, Islands_of_None","WIP, Zones"
Iyo,,"Iyo is a Skeleton who serves as second in command of the Machinists faction, working as Finch's assistant at the Science HQ in World's End. They hold diplomatic status and are known as an author of many Tech Hunter's Notes. Visitors can speak with Iyo to learn about the Science HQ and its work.",,,Iyo,"Characters, Unique"
Jitte,,"The Jitte is a professional law-enforcement weapon designed for non-lethal takedowns. It features a sword-catcher guard that helps with defense and works well in tight indoor spaces. This blunt weapon is meant to subdue targets without killing them, making it useful for capturing bandits alive.",,,Jitte,"Blunt, Weapons"
Junkbow,,"It fires bolts and is known for being carried by Dust Bandit bowmen. Despite its low quality, it can be crafted by anyone with basic crossbow-making knowledge.",,,Junkbow,Crossbows
KLR Series Arm (left),,"The KLR Series Arm is a durable replacement limb for Skeletons who have lost their left arm. It requires advanced technology and AI Cores to craft, and can sometimes be found among ancient artifacts. A matching right arm version also exists.",,,"KLR Series Arm (left), KLR_Series_Arm_(left), KLR Series Arm left",Robot Limbs
KLR Series Arm (right),,The KLR Series Arm is a durable replacement limb for skeletons who have lost their right arm. It is crafted using AI Cores and represents advanced technology. These arms can sometimes be found as ancient artifacts in the world.,,,"KLR Series Arm (right), KLR_Series_Arm_(right), KLR Series Arm right",Robot Limbs
KLR Series Leg (left),,The KLR Series Leg is an advanced high-tech robotic leg replacement used by skeletons. These durable limbs are sophisticated pieces of technology that can sometimes be found among ancient ruins and artifacts. They represent the kind of advanced engineering that skeletons possess naturally.,,,"KLR Series Leg (left), KLR_Series_Leg_(left), KLR Series Leg left",Robot Limbs
KLR Series Leg (right),,"The KLR Series Leg is an advanced robotic replacement limb for skeletons, similar to what ancient skeletons naturally possess. These high-tech legs are extra durable and represent some of the finest prosthetic technology available. They can sometimes be found among ancient ruins and artifacts.",,,"KLR Series Leg (right), KLR_Series_Leg_(right), KLR Series Leg right",Robot Limbs
Karuta Zukin,,The Karuta Zukin is a chainmail coif with leather trim and steel plate reinforcement along the sides. It is commonly worn by bounty hunters and certain guards across various factions. The name refers to traditional headgear worn in some regions.,,,"Karuta Zukin, Karuta_Zukin","Armour, Headgear, Medium Armour"
King,,King is a unique Crimper of the Southern Hive who roams the Royal Valley with his Droneguard escorts. He is known to devour prisoners held by the Southern Hive and will lead a rescue assault if the Queen is kidnapped. King is exceptionally powerful when encountered in his home territory but becomes much weaker when spawned during rescue raids.,,,King,"Animals, Bosses, Characters, Southern Hive, Unique"
King Gorillo,,"King Gorillo is a giant black gorillo found in the Crumbling Labs within Stobe's Gamble. It is a unique creature that appears only once in that location. Unlike some other legendary beasts, there is no special bounty for killing it, only whatever loot is found in the lab itself.",,,"King Gorillo, King_Gorillo","Animals, Characters, Unique"
King Gurgler,,"King Gurgler is the monstrous leader of the Fishmen, dwelling in a lab on Fishman Island south of Catun. He is an enormous creature resembling a hiveman crossed with a crab, many times larger than normal beings. There is a bounty on his head, and killing him ends the Fishmen threat in the surrounding regions.",,,"King Gurgler, King_Gurgler","Bosses, Bounty, Characters, Fishmen, Unique"
King Shager's Reign,,"King Shager's Reign is an anonymous account describing a war between the Shek Kingdom and the Holy Nation. After the Shek attacked first, the Holy Nation retaliated with overwhelming force. King Shager led his warriors in fierce but futile battles, refusing to retreat even as his armies were crushed by superior numbers.",,,"King Shager's Reign, King_Shager's_Reign, King Shagers Reign",Books
Kral's Chosen,,"Kral's Chosen are Shek loyalists devoted to Flying Bull and the legendary warrior Kral, who supposedly fought a hundred swordsmen before falling. Based in New Kralia, they despise weakness and frequently harass outsiders in the wilderness, demanding respect be earned through combat.",,,"Kral's Chosen, Kral's_Chosen, Krals Chosen",Factions
Kral's Last Stand,,"Kral's Last Stand is a tattered old book that tells the story of the Shek hero Kral's final battle. It describes how Kral fought against a hundred enemies in the hills, cutting down many before finally falling after receiving countless wounds. The book says Kral passed to Gateway where he lives as an eternal hero, and it can be found in Shek Kingdom territories.",,,"Kral's Last Stand, Kral's_Last_Stand, Krals Last Stand",Books
Kusari Zukin,,"The Kusari Zukin is a chainmail hood with leather trim that covers the head. It is commonly sold by merchants in the United Cities, Holy Nation, and among Ronin traders. This headgear is sometimes worn by bounty hunters and certain elite guards.",,,"Kusari Zukin, Kusari_Zukin","Armour, Headgear, Medium Armour"
Lady Kana,,"Lady Kana is a powerful noble of the Traders Guild and a key figure among the slave traders in the north. She resides in Port North in The Great Desert, protected by elite guards and known for wearing a distinctive mask. She is one of the Northern Slave Masters whose influence extends across the slave trade operations in the region.",,,"Lady Kana, Lady_Kana","Bosses, Characters, Nobles, Slave Traders, Traders Guild, Unique"
Lady Merin,,Lady Merin is a United Cities noble who rules over Drifter's Last as part of the Noble Circle. She travels with a squad of elite hooded guards and is known for her erratic behavior. Her fate directly affects the stability of Drifter's Last and the surrounding region of The Hook.,,,"Lady Merin, Lady_Merin","Bosses, Characters, Nobles, Unique"
Lady Sanda,,Lady Sanda is a Shek woman who serves as a diplomatic leader of the United Cities and governs the city of Bark. She lives in a Noble House and is protected by elite guards wearing masterwork armor and weapons from Edgewalkers. Her death or imprisonment can lead to significant changes in Bark's control and the stability of United Cities patrols across the desert regions.,,,"Lady Sanda, Lady_Sanda","Bosses, Characters, Nobles, Unique"
Lady Tsugi,,"Lady Tsugi is a diplomatic leader of the United Cities who resides in Brink with her elite guards. Her presence helps maintain order in the region, and without her, the city would fall to Reavers or worse. She is one of several nobles whose authority keeps the United Cities' territories stable.",,,"Lady Tsugi, Lady_Tsugi","Bosses, Characters, Nobles, Unique"
Lam's Survival Series,,"Lam's Survival Series is a set of books written to help people survive in the harsh world. Only two volumes exist, numbered one and three, with the second volume apparently lost or never published. These books can be purchased from various traders.",,,"Lam's Survival Series, Lam's_Survival_Series, Lams Survival Series",Books
Land Bat,,Land Bats are creatures that travel in swarms and can be found in Stobe's Gamble. They are wild animals that roam the region in groups.,,,"Land Bat, Land_Bat",Factions
Last Stand,,"Last Stand is a Shek fortress in the Spider Plains where older Shek warriors go to prepare for an honorable death fighting the Bugmaster in nearby Arach. The settlement is split into two walled areas containing bars, weapon shops, and military buildings. Some unique Shek recruits can be found here, and guards may attack visitors allied with opposing factions like the Holy Nation.",,,"Last Stand, Last_Stand","Locations, Shek Kingdom"
Legends Series,,"The Legends Series is a collection of books found in World's End and the Great Library in Black Scratch. These books document various mysterious creatures and phenomena across the land, including wraiths, mist ghouls, and other strange beings.",,,"Legends Series, Legends_Series","Books, Lore"
Legend of Luquin Series,,"The Legend of Luquin Series tells the story of Luquin, who escaped slavery as a child when his mother sacrificed herself to a guard so he could flee. Years later, he began assassinating members of Emperor Tengu's Inner Circle, starting with Lord Kurusaga, leaving behind threatening notes promising more deaths to come.",,,"Legend of Luquin Series, Legend_of_Luquin_Series",Books
Legion,,"Legion are skeleton warriors who lead large groups of thralls through the Ashlands. They wear ancient samurai armor and carry polearms forged by skeleton smiths. Despite their military role, they are built as Log-Head MKII models rather than the more advanced soldierbot frames.",,,Legion,Characters
Leviathan,,"Leviathans are the largest living creatures in Kenshi, towering beasts found mainly along the northwest coast. They are incredibly strong and durable, capable of crushing entire squads beneath their feet. Some hunt them for valuable pearls, though their immense size and strength make them extremely dangerous. Holy Paladins warn travelers of these ""demons"" that are ""a hundred times the size of a man.",,,Leviathan,"Animals, Characters"
Leviathan Coast,,"Leviathan Coast is a remote northwestern region filled with ancient Second Empire ruins, many already picked over by Tech Hunters. The land is dominated by massive Leviathans that roam freely, along with dangerous Beak Things and other wildlife. Fertile soil and quality stone deposits make it viable for settlement, though no established towns exist here.",,,"Leviathan Coast, Leviathan_Coast",Zones
Leviathan Pearl,,"Leviathan pearls are rare and valuable treasures harvested from the bodies of leviathans, massive creatures found along certain coasts and remote regions. These pearls are prized as status symbols among the wealthy, who often have them carved into decorative items like cups, urns, and vases. Hunting leviathans for their pearls is dangerous but profitable work for those skilled enough to attempt it.",,,"Leviathan Pearl, Leviathan_Pearl",Items
Lineage of Phoenixes,,"The Phoenixes are the supreme religious and political leaders of the Holy Nation, passing their title through generations. Each Phoenix is considered a divine figure who guides the nation according to their faith. The lineage represents an unbroken chain of holy authority stretching back through the nation's history.",,,"Lineage of Phoenixes, Lineage_of_Phoenixes","Holy Nation, Lore"
Longen,,Longen is a Scorchlander man who leads the Traders Guild and controls much of the slavery and trade operations throughout the United Cities. He resides in Trader's Edge and commands powerful nobles who answer to him rather than directly to Emperor Tengu. Longen is considered the undisputed king of commerce in the Empire and openly seeks someone to eliminate the anti-slaver leader Tinfist.,,,Longen,"Bosses, Characters, Slave Traders, Traders Guild, Unique, United Cities"
Lord Inaba,,"Lord Inaba is a Shek nobleman and military commander of the United Cities who governs Stoat and oversees conscription and patrols around Bast. He is the author of The Blessing of Slavery and commands a personal guard of hooded empire nobles. His removal from power can lead to the collapse of order in Stoat and surrounding regions, potentially allowing other factions or bandits to take control.",,,"Lord Inaba, Lord_Inaba","Bosses, Characters, Nobles, Unique, United Cities"
Lord Mirage,,"Lord Mirage is the leader of the United Heroes League and resides at Fort Mirage, surrounded by City Heroes. It is unclear whether they are a minor United Cities noble who formed their own militia or simply a common thug who adopted the title of Lord. They wear modest armor and carry weapons of uncertain origin.",,,"Lord Mirage, Lord_Mirage","Characters, Nobles, United Cities, United Heroes League"
Lord Nagata,,"Lord Nagata is a United Cities noble who governs Sho-Battai and holds influence over Port North. He is a Scorchlander with unusually light skin and resides in the Noble House in Sho-Battai, protected by hooded guards. His death can lead to the collapse of Sho-Battai's order, potentially allowing peasant uprisings or cannibal invasions depending on who else falls with him.",,,"Lord Nagata, Lord_Nagata","Bosses, Characters, Nobles, Unique, United Cities"
Lord Ohta,,"Lord Ohta is a noble of the United Cities who lives in a grand house in Heft, protected by a group of well-armed bodyguards. He is one of the wealthy elite who hold power in the empire. His death or imprisonment can anger other nobles and change how the samurai guards react to outsiders.",,,"Lord Ohta, Lord_Ohta","Bosses, Characters, Nobles, Unique, United Cities"
Lord Shiro,,"Lord Shiro is a Shek noble and one of the diplomatic leaders of the United Cities. He resides in Catun with four hooded guards and lives in a noble house. If he is killed or imprisoned, Catun falls under the control of Fishmen.",,,"Lord Shiro, Lord_Shiro","Bosses, Characters, Nobles, Unique, United Cities"
Lord Yoshinaga,,"Lord Yoshinaga is a diplomatic leader of the United Cities who resides in Heng. He is responsible for raising armies that patrol the Skimsands region. His home is guarded by Hooded Empire Noble Guards, and entering without permission is considered trespassing.",,,"Lord Yoshinaga, Lord_Yoshinaga","Bosses, Characters, Nobles, Unique, United Cities"
Lost Hiver,,"Lost Hivers are Western Hive worker drones who appear after their Queen has been killed or kidnapped. Without a Queen, these hivers become confused and homeless, sometimes attacking those they encounter. They wander in small groups and should not be confused with the separate Lost Drones who exist regardless of the Queen's fate.",,,"Lost Hiver, Lost_Hiver",Characters
Luquin,,"Luquin is a Scorchlander prisoner held in Tengu's Vault for murdering Noble Lord Kurusaga and threatening other nobles. After his capture, he was paraded through Heng's streets and forced to write a tribute to the Emperor. He has been imprisoned for fifteen years and is known through legends told in books found across the land.",,,Luquin,"Bounty, Characters, Playable, Unique"
Machinists,,"They record their findings in books to share knowledge widely, and are led by Finch, a Hive Prince scientist, with his Skeleton assistant Iyo handling outside dealings. They work closely with the Tech Hunters, who venture into dangerous ruins to collect artifacts since the scholars themselves are not suited for such hazards.",,,Machinists,"Factions, WIP"
Mad Cat-Lon,,"Mad Cat-Lon is the exiled last ruler of the Second Empire, now dwelling in his ancient dome at Cat-Lon's Exile. He believes humans are monsters who grow more evil as they multiply, and he enslaved many of his own kind who sided with humanity. When confronted, he attacks alongside his army of thralls, wielding the legendary blade Falling Sun.",,,"Mad Cat-Lon, Mad_Cat-Lon, Mad CatLon","Bosses, Characters, Superbosses, Unique"
Manhunter Base,,"The Manhunter Base is an outpost in The Hook that serves as the headquarters for the Manhunters. It sits near slave markets and farms, supplying labor and catching escapees. If the Slave Market Master and Slave Mistress Grace are killed, the Mercenary Guild takes over the base.",,,"Manhunter Base, Manhunter_Base","Article stubs, Locations, Mercenaries"
Manhunters,,"Manhunters are a faction that hunts escaped slaves for a living, capturing runaways and sometimes innocent travelers to sell to slavers. They are stronger and better equipped than ordinary slave hunters and often patrol areas where escaped slaves and bandits gather. They avoid attacking those allied with the United Cities or Traders Guild, but will still pursue anyone marked as an escaped slave regardless of protection.",,,Manhunters,"Factions, Slavers"
Mani,,Mani is the second in command of the Flotsam Ninjas and can be found at the Northern Scout Post. He joined the Flotsam Ninjas after his patrol of Cannibal Hunters was killed by Cannibals. He wears quality armor and carries weapons made by Catun Scrapmaster.,,,Mani,"Characters, Unique"
Mass Extinction Series,,"The Mass Extinction Series is a collection of books written by scholars like Finch, Sabina, Atticus, and Idad that debate what caused the ancient world to collapse. They discuss theories ranging from natural disasters to plague, resource depletion, or even psychological weapons used by the ancients. The books question why Skeletons survived when other races did not, and why they never rebuilt their lost empire.",,,"Mass Extinction Series, Mass_Extinction_Series","Books, Lore"
Meat Lord,,"The Meat Lord is a cannibal leader who controls the First Village in Darkfinger, accompanied by several cannibal chiefs. He is considered a regional sub-leader among the cannibals and is wanted by all three major factions. Despite lacking heavy armor, he wields an ancient-made cleaver and possesses considerable physical strength.",,,"Meat Lord, Meat_Lord","Bounty, Characters, Unique"
Meatwrap,,"A meatwrap is meat wrapped in bread, commonly sold at bars. It can be cooked at home with the right knowledge and equipment. While edible and filling, it's considered one of the less efficient meals available.",,,Meatwrap,"Items, Nutrition"
Megacity,,Megacity was an ancient civilization that once thrived where Ghost Village now stands. The town has long been abandoned and its people are gone. Records of Megacity's history can still be found in books at the Ghost Village bar.,,,Megacity,Factions
Megacrab,,"The Megacrab is one of the largest crabs in the world, dwelling in the ruins of Lost Town within the Howler Maze. Its presence may have caused the town's destruction, or it simply moved into the abandoned ruins. Defeating this unique creature yields a rare trophy called the Megacrab Ganglion, and once killed, it does not return.",,,Megacrab,"Animals, Characters, Unique"
Megaraptor,,The Megaraptor is a massive raptor that lives in the Drowned Ancient Citadel Ruin on Raptor Island. It is larger and more dangerous than common swamp raptors. All Megaraptors are female.,,,Megaraptor,"Animals, Characters, Raptors, Unique"
Meitou,,"Meitou weapons are the finest blades ever made, crafted long ago by the legendary smith Cross. These rare weapons are now scattered across the land, usually owned by powerful warriors, wealthy nobles, or important leaders. Only a handful of these masterwork weapons exist in the world.",,,Meitou,"Unique, Weapons"
Mercenary,,"Mercenaries are members of the Mercenary Guild who travel the lands with their captains, offering bodyguard and base defense services for hire. They typically wear shoddy armor and carry weapons made by Ancient. Both humans and Shek can be found working as mercenaries.",,,Mercenary,"Bodyguards, Characters, Mercenaries"
Mercenary Guild,,"The Mercenary Guild operates across Holy Nation and United Cities territories, offering bodyguard and outpost protection services for hire. Their squads consist of human mercenaries led by captains who can be found in various bars and towns throughout these regions. While competent fighters, they typically carry low-quality equipment but remain a practical option for inexperienced groups seeking protection.",,,"Mercenary Guild, Mercenary_Guild","Factions, Mercenaries"
Mighty Canhead,,Mighty Canhead is a Cannibal Magi who leads large raiding parties against settlements built in or near Cannibal territory. He wears a tin can on his head and wields a Moon Cleaver. He carries a substantial bounty that can be collected by multiple major factions.,,,"Mighty Canhead, Mighty_Canhead","Bounty, Characters, Unique"
Moll,,"Moll is the leader of the Flotsam Ninjas who lives in Flotsam Village in the Hidden Forest, surrounded by Cannibal lands. She is a wanted fugitive with a massive bounty placed on her by the Holy Nation, accused of crimes like blasphemy, witchcraft, and female independence. Moll offers refuge to those fleeing the Holy Nation and believes their religious teachings are just one of many possibilities, though she personally finds all religion to be nonsense.",,,Moll,"Bosses, Bounty, Characters, Flotsam Ninjas, Superbosses, Unique"
Money is Freedom,,"A book that argues money is the ultimate source of freedom and power in life, dismissing the nomad chief Arnuk Geran's claim that love and health matter more than wealth. The author insists that everything, including love, health, and even the loyalty of master swordsmen, can be bought with money. It is commonly found in the United Cities, particularly at the Bank in Trader's Edge.",,,"Money is Freedom, Money_is_Freedom",Books
Mongrel,,"Mongrel is an isolated outlaw town deep in the Fog Islands, founded decades ago by escaped Shinobi Thieves fleeing the Holy Nation. It serves as a haven for criminals and refugees who survive the dangerous journey through hordes of Fogmen. The town is constantly under siege by Fogmen trying to breach its gates and carry off prisoners.",,,Mongrel,"Locations, Mongrel"
Moon Cleaver,,"The Moon Cleaver is an unusually shaped hacker with a reverse curve that catches limbs and necks instead of sliding off like most blades. It is favored by cannibals, the Blackshifters, and the Preacher Cult, with the finest version carried by The Preacher himself in the Cult Village. Its unique design makes it effective against flesh but less so against animals.",,,"Moon Cleaver, Moon_Cleaver","Hacker, Weapons"
Mountain Dog,,"Mountain Dogs are large, powerful variants of Bonedogs that accompany Cannibal Hunters in their campaigns against the painted tribes. They are found in the Cannibal Plains, Hidden Forest, Northern Coast, and Sinkuun regions. Their name and location suggest they may originate from the mountains north of The Holy Nation, though their true homeland remains uncertain.",,,"Mountain Dog, Mountain_Dog","Animals, Characters"
Mounted Crossbow,,"The Mounted Crossbow is a defensive turret that can be placed on the ground or atop walls. An operator mans the turret and fires bolts at approaching enemies, with effectiveness depending on their skill and whether they are shooting from higher or lower ground. Improved versions exist but require dismantling and rebuilding the turret to upgrade.",,,"Mounted Crossbow, Mounted_Crossbow",Buildings
Mourn,,"Mourn is a ruined mining town in the Bonefields, built inside an ancient metal structure. A slave rebellion left it in shambles with no gate guards and broken defenses, making it vulnerable to constant attacks from Beak Things and other deadly wildlife. The Tech Hunters claim it, but it still falls under United Cities bounty jurisdiction. A dangerous creature called the Great White Gorillo is locked inside the abandoned headquarters.",,,Mourn,Locations
Mr Gigantus,,Mr Gigantus is a massive crab who fights alongside the Crab Raiders during their third tournament attack on player outposts. He towers over other crabs and is usually the strongest fighter in the raiding party. He is a member of the Crab Raiders faction.,,,"Mr Gigantus, Mr_Gigantus","Animals, Characters, Unique"
Mud Town,,"Mud Town is a village in the Swamp north of Shark, home to the Swampers and the Twinblades gang led by Big Fang. The local bar is run by the Blackshifters. Many wandering individuals pass through or settle here, making it a place where travelers and potential companions can be found.",,,"Mud Town, Mud_Town",Locations
Mukai the Mountain,,"Mukai the Mountain is a powerful Shek warrior who becomes the new Invincible and leader of the Shek Kingdom if Esata the Stone Golem falls. After taking power, he relocates the kingdom's headquarters from the depopulated Admag to the smaller town of Squin. He wields a legendary Fragment Axe and commands what remains of the Shek forces in the region.",,,"Mukai the Mountain, Mukai_the_Mountain","Bosses, Characters, Leaders, Shek Kingdom, Superbosses, Unique"
Multi-Barrel Harpoon Turret,,The multi-barrel harpoon turret is a defensive weapon emplacement that fires multiple harpoons at enemies. It requires an operator to function and draws power from the settlement's grid. This turret design lacks the option for mounted lighting that some other turret models have.,,,"Multi-Barrel Harpoon Turret, Multi-Barrel_Harpoon_Turret, MultiBarrel Harpoon Turret",Buildings
Narcotics,,"Narcotics were once traded goods that could be bought and sold in towns for profit. They served the same purpose as hashish and were eventually removed from circulation, with hashish remaining as the primary illicit substance in the world.",,,Narcotics,"Removed Content, Retired Items"
Narko,,"Narko is the demoness of darkness in Holy Nation belief, said to have battled the god Okran in the skies before being absorbed into him. Her defeat left behind dark agents and spawns that still threaten the world. The Holy Nation uses Narko's image as female and evil to justify oppressing women and enslaving or killing non-human races, especially skeletons, whom they view as her servants.",,,Narko,"Article stubs, Lore"
Narko's Trap,,"Narko's Trap is a Holy Nation military outpost built around an ancient laboratory they call Narko's Evil Tower. The Holy Nation guards this site to prevent anyone from stealing forbidden ancient technology. Inside the walled lab are dangerous security spiders and valuable ancient artifacts, including a map to the Ashlands.",,,"Narko's Trap, Narko's_Trap, Narkos Trap","Holy Nation, Locations"
New Kralia,,"New Kralia is the headquarters of Kral's Chosen, a hostile faction located south of Admag in the Stenn Desert. The outpost houses their leader Flying Bull along with many of his followers who attack outsiders on sight. If Flying Bull is killed or imprisoned, the settlement falls into ruin.",,,"New Kralia, New_Kralia","Article stubs, Locations"
No-Face,,"No-Face is a Scorchlander outlaw who lives alone at Strange Camp on an island in Gut. He attacks visitors on sight with a crossbow and sword, and has a large bounty from the United Cities. He seems to have grown disillusioned with society, preferring isolation over dealing with people.",,,"No-Face, NoFace","Bounty, Characters, Unique"
Noble Hunter,,"Noble Hunters are wealthy United Cities nobles who patrol the deserts and coasts with armed guards and slaves, hunting for sport. They particularly prize Skeletons as trophies and travel with a Noble Captain and several Hooded Empire Noble Guards. These nobles wear fine robes and carry high-quality crossbows and swords, flaunting their wealth and status as they roam the Emperor's lands.",,,"Noble Hunter, Noble_Hunter","Characters, Nobles, Traders Guild, United Cities"
Nomads,,"Nomads are wandering humans who herd goats and pack beasts across various regions. They maintain free camps with basic shelter, campfires, and beds that travelers can use. They are peaceful and neutral, sometimes offering food to starving strangers in towns.",,,Nomads,Factions
Northern Coast,,"The Northern Coast sits at the northern edge of Holy Nation territory, bordering the Cannibal Plains and other dangerous regions. It is home to Deadcat settlements, though some have been abandoned. Cannibals frequently wander through from neighboring areas, drawing Cannibal Hunters who pursue them, and Tech Hunters from World's End also pass through on their way to explore the wilds.",,,"Northern Coast, Northern_Coast",Zones
Obedience,,"Obedience is a dark quarry in the northern Fog Islands where massive skeleton remains lie half-buried in what looks like ice or metal. It is believed that ancient humans marched their skeleton creations into this pit and destroyed them with chemicals or other means, leaving a hazardous fog that still lingers. The ground is unnaturally smooth metal, and no life grows there.",,,Obedience,Zones
Okran,,"Okran is the deity worshipped by the Holy Nation, regarded as the flame and light that protects the world from darkness. According to their scriptures, Okran originated from a being named Chitrin who split into two forms: Okran as light and Narko as darkness, with Okran casting Narko into the underworld. This belief shapes Holy Nation society, where women are shunned because Narko is seen as female and evil, while Okran represents male purity and righteousness.",,,Okran,Lore
Okran's Fist,,Okran's Fist is a fortified military garrison of the Holy Nation built into the side of the East Arm of Okran. It guards the northeastern approach into Holy Nation territory and is manned by Paladins and Holy Sentinels. The garrison likely serves as a staging point for patrol troops throughout the surrounding region.,,,"Okran's Fist, Okran's_Fist, Okrans Fist","Holy Nation, Locations"
Okran's Gulf,,"Okran's Gulf is the western edge of Holy Nation territory, bordering the dangerous Fog Islands. The region is mostly flat and arid but fertile, home to the major town of Stack where High Inquisitor Seta commands defenses against Shek invasions and Fogmen incursions. Holy Military Bases fortify the southern and western borders, though patrols are less frequent here than in neighboring Okran's Pride.",,,"Okran's Gulf, Okran's_Gulf, Okrans Gulf",Zones
Okran's Pride,,"Okran's Pride is the heartland of the Holy Nation, centered around their capital city of Blister Hill. It is known for its fertile grasslands, plentiful water, and a sacred flame said to have burned for five thousand years. The region is heavily patrolled by Holy Nation armies and dotted with farms, making it one of the safest and most populated areas in Kenshi despite swarms of River Raptors.",,,"Okran's Pride, Okran's_Pride, Okrans Pride","Holy Nation, Zones"
Okran's Shield,,"Okran's Shield is a heavily fortified military settlement guarding the eastern border of Holy Nation territory. It features a defensive chokepoint with mounted crossbows to repel invaders, particularly from the United Cities. High Inquisitor Valtena commands from the barracks here, and the outpost includes a hospital for wounded soldiers and incinerators for the dead.",,,"Okran's Shield, Okran's_Shield, Okrans Shield","Holy Nation, Locations"
Okran's Valley,,"Okran's Valley is a northern territory of the Holy Nation, named after their god and situated between two mountains called Arm of Okran. The land transitions from grassy forests in the south to desert in the north as it approaches United Cities borders. Holy Nation patrols regularly pass through, and the locals are hostile to non-humans.",,,"Okran's Valley, Okran's_Valley, Okrans Valley",Zones
Okranite Theories In Relation To Findings Series,,This scholarly work examines the origins of Holy Nation beliefs about Okran and the demon Narko. The authors theorize that ancient religious teachings may have emerged from misinterpreted catastrophes and scapegoating of Skeletons who survived disasters that killed humans. The books suggest racial prejudices in Okranite doctrine could stem from ancient tribal conflicts and fear of those who appeared different or immune to the calamities that destroyed early civilizations.,,,"Okranite Theories In Relation To Findings Series, Okranite_Theories_In_Relation_To_Findings_Series","Books, Lore"
Old-Eye Blades,,Old-Eye Blades was a weapon manufacturer known for producing mid-grade weapons of above-average quality. They made various weapon types but did not produce Flesh Cleavers or iron clubs. The company no longer exists.,,,"Old-Eye Blades, Old-Eye_Blades, OldEye Blades","Manufacturers, Removed Content"
Old Empire,,"The Old Empire was an ancient civilization that once ruled the entire world, leaving behind scattered libraries and armories filled with ancient technology and skeletons. Their written language is now unreadable, and how they fell remains a mystery, though some believe their own weapons or the skeletons may have destroyed them. After their collapse, a smaller successor state called the Second Empire arose, controlled by skeletons.",,,"Old Empire, Old_Empire",Lore
Old Machines,,Old Machines are hostile robots that wander dangerous areas filled with ancient ruins. They appear to be malfunctioning or following old programming from a forgotten age. These machines attack nearly anyone on sight without reason or negotiation.,,,"Old Machines, Old_Machines",Factions
Oldworld Bow MkI,,"The Oldworld Bow MkI is a crossbow built by the Tech Hunters using salvaged ancient blueprints. It has good range and accuracy, making it popular with Tech Hunter expeditions heading into the dangerous Three Corners regions. The blueprint can be found at the Scraphouse, and a more advanced version called the MkII also exists.",,,"Oldworld Bow MkI, Oldworld_Bow_MkI",Crossbows
Oldworld Bow MkII,,"The Oldworld Bow MkII is an advanced crossbow design from before the current era, more complex than the MkI version. It requires skill and experience to reload smoothly, but in the hands of a trained archer it becomes one of the finest long-range weapons available. The blueprint for crafting this weapon can be found at the Scraphouse.",,,"Oldworld Bow MkII, Oldworld_Bow_MkII",Crossbows
Outlaw,,"Outlaws are a loose collection of criminals, bandits, deserters, and escaped slaves with no unified allegiance. Many are runaways from oppressive societies who see themselves as rebels against powers like the Holy Nation or United Cities. They survive through theft and looting, often ending up enslaved or caged if captured by authorities.",,,Outlaw,Factions
P4 Unit,,"P4 Units are a rare variant of Skeleton with a weaker head but faster healing and improved learning rates for crafting skills. They are an older model compared to the more advanced P4 Mark II Units. Like all Skeletons, they are immune to weather and can wear most equipment types.",,,"P4 Unit, P4_Unit",Races
Pack Beast,,"Pack Beasts are tamed Garrus used by trade caravans to haul supplies in their backpacks. They eat large amounts of any food and will fight to defend their caravan, though they lack the charging power of domesticated bulls. Their backpacks have built-in lanterns that cannot be turned off, making nighttime sneaking more difficult.",,,"Pack Beast, Pack_Beast","Animals, Characters, Playable"
Pack Bull,,"Pack Bulls are sturdy animals used by trade caravans to haul goods across the land. They wear special backpacks that let them carry trade items, and unlike farm bulls, they keep their horns for defense. They are valued both as pack animals and as capable fighters when needed.",,,"Pack Bull, Pack_Bull","Animals, Characters, Playable"
Palace of the Crab Queen,,The Palace of the Crab Queen is the headquarters of the Crab Raiders faction. It serves as their main base of operations and is known to contain valuable ancient armour and weapons. The location is accessible during the day but closed at night.,,,"Palace of the Crab Queen, Palace_of_the_Crab_Queen","Town Residents, WIP"
Paladin,,"Paladins are veteran soldiers of the Holy Nation who serve as experienced fighters and squad leaders. They patrol the lands alongside Holy Servants and command Holy Sentinels, wearing grayish armor with a yellow emblem and wielding the Paladin's Cross. They man defensive positions in Holy Nation towns and lead assaults against enemies of their faith. Paladins are devout followers of Okran and will speak about their beliefs with male humans, but react violently to any mention of Narko.",,,Paladin,"Characters, Holy Nation, Paladins"
Paladin's Cross,,The Paladin's Cross is the revered holy weapon and symbol of the Paladins of the Holy Nation. With it they have been slaying skeletons and people they think might be skeletons for centuries. The weapon is particularly effective against robots and technological threats. The finest example of this weapon is carried by Holy Lord Phoenix himself in Blister Hill.,,,"Paladin's Cross, Paladin's_Cross, Paladins Cross","Hacker, Holy Nation, Paladins, Weapons"
Pearl Cup,,"A fancy decorative item made from pearls, used by wealthy people to decorate their homes. These cups are commonly found in residential buildings and can be purchased from Hive traders in Hive villages. They are likely crafted from Leviathan Pearls, similar to other pearl decorations.",,,"Pearl Cup, Pearl_Cup",Items
Pearl Sword Holder,,"A decorative sword holder made from pearl, used by the extremely wealthy to display in their homes. It serves no practical purpose beyond being a luxury item that can be sold. These ornamental pieces are likely crafted from leviathan pearls, similar to other pearl decorations found in rich households.",,,"Pearl Sword Holder, Pearl_Sword_Holder",Items
Pearl Urn,,"A decorative urn made from pearls, used by the extremely wealthy to ornament their homes. It is commonly found in residential buildings and can be purchased from Hive traders in Hive villages. The urn is likely crafted from Leviathan Pearls, similar to other pearl items like cups and vases.",,,"Pearl Urn, Pearl_Urn",Items
Pearl Vase,,"A fancy decorative item made from pearls that wealthy people use to decorate their homes. These vases can be found in residential buildings and are likely crafted from leviathan pearls, similar to other pearl items like urns and cups. Hive traders in Hive villages commonly sell these ornamental pieces.",,,"Pearl Vase, Pearl_Vase",Items
Peasant,,"Peasants are common folk found throughout the Empire lands, typically wearing simple rags and straw hats. They carry staffs and go about their daily work, representing the lowest class of Empire society. These humble workers can be humans, Shek, or Hive people struggling to survive under their rulers.",,,Peasant,Characters
Peeler Machine,,"The Peeler Machine is a horrific device used by the Skin Bandits to skin their captives alive in their Skinhouses. It slowly destroys clothing and tears apart limbs before killing the victim, producing animal skins in the process. The machine functions like a prisoner cage and continues working even after death.",,,"Peeler Machine, Peeler_Machine",Buildings
Plank,,"The Plank is a heavy hacking weapon known for its good reach and balance between the clumsiness of fragment axes and the cutting traits of swords. It is a crude but effective weapon commonly found in Shek Kingdom shops. Due to its size, it must be carried in a backpack or equipped directly.",,,Plank,"Heavy Weapon, Weapons"
Plastic Surgeon,,"Plastic surgeons are medical professionals found in bars across the land who can alter a person's appearance and even change their name for a fee. Members of the Shinobi Thieves can access similar services for free at their guild towers. These practitioners work with all races, from humans and shek to hivers and skeletons.",,,"Plastic Surgeon, Plastic_Surgeon",Characters
Ponk,,"Ponk is one of two leaders of the Thrall Masters, alongside Screamer the False, and both operate from the Tower of Abuse. Both leaders are wanted by the United Cities and Holy Nation as sadistic con artists who practiced fraudulent medicine and ancient voodoo across various cities.",,,Ponk,"Bosses, Bounty, Characters, Unique"
Port North,,"Port North is a slave camp on the northern coast of the Great Desert, controlled by the Slave Traders and ruled by Lady Kana. Despite its name, it functions mainly as a stone mining and processing center, though it is also known as a major slave farm and clothing producer. The town supplies Bark and Sho-Battai, and its designation as a port suggests maritime trade exists in Kenshi's world, even though no ships are visible.",,,"Port North, Port_North",Locations
Port South,,"Port South is a slave camp in the Great Desert controlled by Slave Traders, where Slave Master Wada resides in a Noble House. Despite its name, it sits inland without harbor access and functions primarily as a stone mining operation worked by slaves. The town supplies Bark and Heft and is frequently attacked by Skimmers.",,,"Port South, Port_South",Locations
Port South (Alpha),,"Port South was a town in the southwest controlled by the United Cities, situated at the base of a hill near Eyesocket, Trader's Edge, and Skinner's Roam. It eventually became a Slave Trader town in later times.",,,"Port South (Alpha), Port_South_(Alpha), Port South Alpha",Removed Content
Power Core,,"A Power Core is an ancient piece of technology sometimes found in old ruins. Some people speculate it might be related to Skeleton anatomy, like a heart or similar organ. It has no practical use but can be sold for a decent amount of money.",,,"Power Core, Power_Core",Items
Prayer Day,,"Prayer Day is a regular visit from Holy Nation priests who come to player settlements near their territory to ensure proper worship. A priest leads a group of paladins and servants to check that residents pray at a Holy Flame shrine. If the settlement lacks the shrine or refuses to pray, the Holy Nation will send forces to remove the occupants from their lands.",,,"Prayer Day, Prayer_Day",Events
Preacher Cult,,"The Preacher Cult is a violent group living in Cult Village who worship the moons and believe blood sacrifices bring good harvests. They attack all outsiders on sight, tie prisoners to poles, and randomly execute captives before burning the bodies. The cultists wield moon cleavers and carry no medical supplies, often becoming crippled or dying from their wounds after battles.",,,"Preacher Cult, Preacher_Cult",Factions
Protector of the Flame,,"The Protector of the Flame is an elite Paladin who guards the Holy Lord Phoenix in his throne room at Blister Hill. He stands out among the Phoenix's other Paladins due to his exceptional combat prowess and distinctive appearance. If slain, another Protector will eventually take his place to continue defending the Holy Nation's leader.",,,"Protector of the Flame, Protector_of_the_Flame","Characters, Holy Nation, Paladins, Unique"
Purple Sands,,"Purple Sands is a large barren desert north of The Shrieking Forest, easily recognized by its purple-colored sand and strange satellite-like structures buried throughout. Sandstorms constantly sweep the region, and there is no water or resources to be found. Occasionally cannibals, shrieking bandits, or beak things wander through from neighboring lands, but no settlements exist here.",,,"Purple Sands, Purple_Sands",Zones
Queen of the South,,"The Queen of the South rules the Southern Hive from her throne, protected by Elite Droneguards and aided by her consort, the King. She wields a masterwork polearm and shares the same coloration as her rival, the Queen of the Western Hive, unlike her pink-skinned subjects. Her survival and the defeat of rival leaders determines whether Southern Hive patrols expand into neighboring territories, and her death would leave the Southern Hive vulnerable to Fogmen invasion.",,,"Queen of the South, Queen_of_the_South","Bosses, Characters, Hivers, Royal Valley, Southern Hive, Unique"
Quin,,"Quin is a Skeleton who runs a shop in the Scraphouse, an ancient factory near Black Desert City. He sells rare and valuable goods including blueprints, quality weapons, Ancient Science Books, and AI Cores. When speaking to other Skeletons, he references the chaos of the First Empire's collapse, hinting at his own ancient origins.",,,Quin,"Characters, Unique"
Raptor Island,,"Raptor Island is a large sandy landmass on the western coast, slightly north of the Fog Islands, with a small mountain range at its center. It is home to many Swamp Raptors that are not aggressive unless someone disturbs their nests. The island occasionally experiences acid rain and has abundant shrubbery with a few sparse trees. There are no towns or settlements on the island.",,,"Raptor Island (Zone), Raptor_Island_(Zone), Raptor Island Zone","Raptors, Zones"
Raptors,,"Raptors are wild animals found across several regions. River Raptors nest in places like Darkfinger, Hidden Forest, Northern Coast, and Okran's Pride. Most other raptors are considered swamp creatures.",,,Raptors,Factions
Ration Pack,,"Ration Packs are pre-made food bundles containing foodcubes and dried meat, offering substantial nourishment in a compact form. They cannot be crafted but are sold by traders at bars and by traveling caravans. Sometimes friendly characters will gift them as a gesture of goodwill.",,,"Ration Pack, Ration_Pack","Items, Nutrition"
Reavers,,"Reavers are bandits led by Valamon who believe they should rule instead of the United Cities. Many higher-ranked Reavers were likely former slaves themselves. They clash with rival groups like Crab Raiders, Skeleton Bandits, and Skin Bandits in the southeastern regions.",,,Reavers,"Factions, Reavers, Slavers"
Rebel Farmers,,"Rebel Farmers are poor peasants and farmers who have risen up against the United Cities nobility, led by Boss Simion from their base at Fort Simion. They attack travelers on the roads and retreat to their camps, which makes even common citizens struggle to support them despite their shared origins. Their rebellion focuses on overthrowing the empire's nobles rather than just freeing slaves, and they grow stronger when key United Cities nobles are killed or captured.",,,"Rebel Farmers, Rebel_Farmers",Factions
Rebirth,,"Rebirth is a Holy Nation labor camp located in a mountain pit north of their main territory. Prisoners of all races except Skeletons are sent there for religious re-education and penance, forced to build statues and perform labor until death or deemed cleansed. The Holy Nation believes souls are reborn as children of Okran after sufficient punishment. The camp houses criminals, border trespassers, and captured raiders, primarily serving religious discipline rather than profit.",,,Rebirth,"Holy Nation, Locations"
Rebirth (Zone),,"Rebirth is a remote Holy Nation zone in the mountains northwest of Blister Hill, dominated by a massive slave labor mine where Shek and Hivers are sent to disappear. The area is barren and desolate with few resources and no settlements. It is considered a dead zone with no changing weather or seasons.",,,"Rebirth (Zone), Rebirth_(Zone), Rebirth Zone","WIP, Zones"
Rebirth Slaves,,"Rebirth Slaves are prisoners held at Rebirth by the Holy Nation, forced into hard labor and prayer to supposedly cleanse their souls and be reborn as righteous humans in service to Okran. The faction includes Sheks captured in battle, human criminals and bandits, and some Western Hivers, but never Skeletons since the Holy Nation believes they lack souls. Escaped slaves who are recaptured face brutal punishment from guards, and some may die or lose limbs if left unattended after beatings.",,,"Rebirth Slaves, Rebirth_Slaves",Factions
Red Sabre Boss,,"The Red Sabre Boss, also called 'The Red Bandit,' leads the Red Sabres gang from their hideout in the swamps. He is wanted by both the United Cities and the Shek Kingdom for arson, robbery, extortion, and preying on travelers. He wields a masterwork horse chopper and is considered skilled and dangerous.",,,"Red Sabre Boss, Red_Sabre_Boss","Bosses, Bounty, Characters, Gang Bosses, Swamps Characters, Unique, World State Related Characters"
Red Sabres,,"The Red Sabres are a bandit group that operates in The Swamp and South Wetlands, led by the Red Sabre Boss from their hideout deep in the swamp. They dress in red clothing and favor sabres as weapons. They are locked in a constant power struggle with their rivals, the Swamp Ninjas.",,,"Red Sabres, Red_Sabres",Factions
Rhinobot,,"Rhinobot is a Skeleton who served as a notable member of the Second Empire. He now resides in Ashland Dome II, accompanied by several Screamer Units. Due to lacking moral processing, he was involved in various atrocities during the Second Empire's reign, though his exact role remains unclear.",,,Rhinobot,"Characters, Unique"
Rice Bowl,,"A rice bowl is a plain staple food made from riceweed and water, commonly found in The Swamp where riceweed grows abundantly. It provides basic nutrition but requires a lot of water to produce. Many prefer to combine riceweed with greenfruit to make gohan instead, which is more efficient in rainy regions.",,,"Rice Bowl, Rice_Bowl","Items, Nutrition"
Riceweed,,Riceweed is a nutritious weed that grows in wet environments like swamps. It cannot be eaten raw and must be cooked first. Western Hive traders in Hive Villages commonly sell it.,,,Riceweed,"Farming, Items"
Ringed Sabre,,"The Ringed Sabre is a classic hard-hitting blade favored by legendary swordsmen, including Arc himself. The rings on the blade are designed to distract and annoy opponents with their noise, though they tend to make Beak Things more vicious. It is commonly wielded by bandit leaders and prominent warriors across the land.",,,"Ringed Sabre, Ringed_Sabre","Sabre, Weapons"
River Raptor,,"River Raptors are passive, round-bodied reptilian scavengers that waddle through farmlands and coastal areas eating crops and corpses. They do not hunt but will defend themselves if attacked, making them both helpful for cleaning up bodies and troublesome for farmers. They are commonly found in Okran's Pride and northern regions, where Holy Nation soldiers often cull them to protect the farms.",,,"River Raptor, River_Raptor","Animals, Characters, Raptors"
Robots,,"Robots are mechanical beings in Kenshi, mostly ancient remnants from the Old Empire and Second Empire. Most humanoid robots are Skeletons, though not all robots are humanoid. Some weapons are designed to deal extra damage to robotic beings, and robots suffer permanent wear damage from injuries that must be repaired at special beds.",,,Robots,Races
Rot,,"Rot is a village in the Swamp controlled by the Hounds faction. If the player joins the Hounds, the village becomes allied. If the Hounds' leaders all die or are imprisoned, Rot gets overrun by Blood Spiders.",,,Rot,"Article stubs, Locations"
Royal Valley,,"Royal Valley is the homeland of the Southern Hive, a region where their settlements are found. The area has a distinct seasonal climate and is bordered by Greyshelf, Cheaters Run, and the Bonefields. It is a relatively peaceful zone with no ancient ruins or wandering hostile camps.",,,"Royal Valley, Royal_Valley",Zones
Cactus Rum,,"Cactus Rum is a very strong alcohol commonly found in desert regions. It causes severe dehydration, making it a rare luxury in arid areas, but in the greenlands where water is plentiful, people drink it heavily. It is produced at rum stills and serves as a valuable trade good.",,,"Cactus Rum, Cactus_Rum",Items
Rum Still,,"A rum still is a building that turns cacti into cactus rum. Operating one helps improve cooking skills, and experienced cooks can produce rum faster. The still produces filled bottles without needing empties on hand.",,,"Rum Still, Rum_Still",Buildings
Sabina,,"Sabina was an author who wrote several books about ancient history and extinction events, including works on the Lost Ancients and Okranite theories. Sabina was likely a Machinist scholar, though their current whereabouts or fate remain unknown. Their writings are referenced by other scholars studying the world's ancient past.",,,Sabina,"Characters, Lore"
Sake,,"Sake is a strong alcohol made in the swamps from riceweed. It is popular among samurai and frequently imported by Empire towns. Though typically sold in bars, it cannot be consumed as food.",,,Sake,Items
Samurai,,"Samurai are warriors who serve the United Cities and can be of any race. They patrol the lands enforcing law and order, arresting criminals and sometimes offering protection or aid to travelers. Some Samurai work privately for the Traders Guild, guarding their headquarters in Trader's Edge.",,,Samurai,"Bodyguards, Characters, Samurai, Traders Guild, United Cities"
Sand Ninja Oni,,"Sand Ninja Oni is a Scorchlander woman who leads the Sand Ninjas from their hideout at Cactus Den in the Great Desert. She is wanted by both the United Cities and Traders Guild for aggressive bandit activity in the region. If she is killed or imprisoned, the Sand Ninjas will stop raiding settlements.",,,"Sand Ninja Oni, Sand_Ninja_Oni","Bosses, Bounty, Characters, Sand Ninjas, Unique"
Sand Ninjas,,"The Sand Ninjas are a cult of skilled bandits led by Sand Ninja Oni, operating mainly around Spine Canyon, The Great Desert, and The Eye. They are known highwaymen who prey on those passing through their territory.",,,"Sand Ninjas, Sand_Ninjas","Factions, Ninja"
Savant,,"Savant is the deranged leader of the Skin Bandits, a human Scorchlander with a large bounty from the United Cities. He believes ash from the Ashlands corrupts minds and that skeletons need human skin to protect themselves from madness. He operates from the Skinhouse HQ and only accepts skeletons into his faction, performing twisted procedures to graft skin onto them.",,,Savant,"Bosses, Bounty, Characters, Skin Bandits, Unique"
Scorchlander,,"Scorchlanders are humans with dark skin, glowing eyes, and often silvery hair. They are known for being skilled crafters and heal faster than most other people. They are found across many regions and factions throughout the world.",,,Scorchlander,Races
Scout Leg (left),,"The Scout Leg is a lightweight robotic replacement for a lost left leg, designed for impressive speed at the expense of durability. It is advanced high-tech equipment similar to what skeletons use, and can sometimes be found among ancient artifacts. These legs are known for being particularly fast and less hindered in water compared to other robotic limbs.",,,"Scout Leg (left), Scout_Leg_(left), Scout Leg left",Robot Limbs
Scout Leg (right),,The Scout Leg is a lightweight robotic leg replacement designed for speed rather than durability. It provides notable improvements to running ability and is less hindered in water compared to other robotic limbs. These advanced legs resemble the technology used by skeletons and require specialized components to craft.,,,"Scout Leg (right), Scout_Leg_(right), Scout Leg right",Robot Limbs
Screamer Unit,,Screamer Units are ancient skeletons from the long-dead Second Empire. They guard locations like Ashland Dome II and patrol the Ashlands as part of the Skeleton Legion. These warriors wear heavy samurai-style armor and carry weapons forged by ancient or skeleton smiths.,,,"Screamer Unit, Screamer_Unit",Characters
Screamer the False,,"Screamer the False is a Skeleton and one of two leaders of the Thrall Masters, alongside Ponk. They are sadistic con artists wanted by both the United Cities and the Holy Nation for posing as medical practitioners and ancient voodoo healers. Both can be found at the Tower of Abuse, and their deaths or imprisonment will stop Thrall Masters patrols in certain regions.",,,"Screamer the False, Screamer_the_False","Bosses, Bounty, Characters, Unique"
Scripture of Radiance,,"The Scripture of Radiance is a religious text written by the first Phoenix of the Holy Nation. It tells of Okran, the Lord of Light, battling Narko, the Shadow, and sending the Phoenix to save mankind from darkness with the Sacred Flame. The scripture teaches that men are made in Okran's image while women are made in Narko's, and it calls for purity, discipline, and the destruction of darkness's agents.",,,"Scripture of Radiance Series, Scripture_of_Radiance_Series",Books
Second Empire,,"The Second Empire was a skeleton-ruled nation that rose after the Old Empire fell, centered in what is now the Ashlands. It had a powerful military order called the Hydraulic Knights and a skilled police force. The Empire collapsed a few hundred years ago, leading to the rise of the United Cities, and its survivors became the Second Empire Exiles under the mad founder Cat-Lon.",,,"Second Empire, Second_Empire",Factions
Security Spider,,Security Spiders are powerful robotic guardians found in ancient ruins like old labs and armories. They are stronger than Iron Spiders and hit hard enough to knock most people down and break through defenses. These machines don't eat fallen victims but tend to swarm intruders in groups within the confined spaces they guard.,,,"Security Spider, Security_Spider","Animals, Characters"
Seto,,"Seto is a Shek warrior and the daughter of Queen Esata the Stone Golem, ruler of the Shek Kingdom. The Holy Nation considers her a criminal and offers a substantial bounty for her capture.",,,Seto,"Bosses, Bounty, Characters, Playable, Shek Kingdom, Unique"
Settled Nomads,,"Settled Nomads is a small village in Shem controlled by the Nomads faction. It has an animal shop where travelers can buy domesticated animals like bonedogs, pack bulls, garrus, and goats. The settlement has no walls or guards and is vulnerable to bandits and beak things. If certain events occur, the village may be taken over by Slave Traders and left in ruins.",,,"Settled Nomads, Settled_Nomads","Article stubs, Locations"
Shade,,"Shade is a Scorchlander woman who leads the Swamp Ninjas from their base in the swamps. She is wanted by the Shek Kingdom for theft and cowardice, with a bounty on her head. Her death or capture significantly reduces Swamp Ninja activity in the region.",,,Shade,"Bosses, Bounty, Characters, Swamp Ninjas, Swamps, Unique"
Shager's Overthrow,,"This Shek book recounts the final moments of King Shager's reign. During a desperate battle against the Holy Nation, Shager planned a suicidal last stand, but the warrior Bayan protested. When Shager threatened Bayan, Esata the Stone Golem intervened and defeated Shager in single combat, executing him to prevent the Shek from destroying themselves through reckless vengeance.",,,"Shager's Overthrow, Shager's_Overthrow, Shagers Overthrow",Books
Shark,,"Shark is a lawless city in the center of the Swamp, run by outlaws, smugglers, and gangs. The Hounds gang actually controls the town, though it's officially inhabited by Swampers. It serves as the main trading hub in the swamp and suffers frequent attacks from Blood Spiders, bar thugs, Red Sabres, and Swamp Ninjas.",,,Shark,Locations
Shek,,"Shek are a race of large, horned humanoids covered in bony plates that serve as natural armor. They have a warrior culture that values honor, strength, and dying gloriously in battle rather than living in shame. Though their population is small compared to humans, they are commonly found as guards, soldiers, and bandits due to their physical prowess and aggressive nature. Some believe they descended from augmented humans called Enforcers who served the ancient Skeleton empire.",,,Shek,Races
Shem,,"Shem is a sandy oasis region inhabited by nomads and smugglers from the Grayflayers gang. The area is largely isolated and underpopulated, with dust bandits, starving bandits, beak things, and bloodspiders roaming the land. The Smugglers Bar offers beds and relative safety for travelers passing through this remote zone.",,,Shem,Zones
Shinobi Thieves,,"The Shinobi Thieves are a criminal organization of thieves, fences, and smugglers found in bars and watchtowers throughout the land, especially in United Cities territory. Most members are Scorchlanders and Hivers who operate as professional criminals. Anyone can join by paying a fee to a Thief Boss, gaining access to their towers, training facilities, traders, and the protection of their ninja guards and assassins.",,,"Shinobi Thieves, Shinobi_Thieves","Factions, Ninja"
Sho-Battai,,"Sho-Battai is a major town in the middle of the Great Desert, ruled by Lord Nagata and reliant on supplies from Port North. It is known for having the only headgear shop in the United Cities and a Thieves Guild for sneaky equipment. The town has a backyard area with slums where the homeless sleep, and United Heroes League members often patrol here.",,,"Sho-Battai, ShoBattai","Locations, United Cities"
Sho-Battai Headgear Shop,,"The Sho-Battai Headgear Shop is a vendor in Sho-Battai that sells various headgear. The shop operates independently and is not affected by Lord Nagata's fate, but the vendor will leave if Lady Kana is harmed. If Empire Peasants take control of Sho-Battai, the vendor will return.",,,"Sho-Battai Headgear Shop, Sho-Battai_Headgear_Shop, ShoBattai Headgear Shop","Town Residents, Vendors"
Shrieking Bandits,,"Shrieking Bandits are a hostile group that roams the Shrieking Forest, Purple Sands, and the northwestern Cannibal Plains. They communicate mostly through unintelligible shrieks, likely due to severe malnutrition and mental decline. Some of their leaders can be approached with grunts and gestures, which might allow travelers to avoid conflict or accidentally provoke it.",,,"Shrieking Bandits, Shrieking_Bandits",Factions
Shun,,"Shun is an abandoned region in the southwestern corner of the world, filled with ancient ruins and lost locations. There are no towns or outposts here, only empty places sometimes guarded by territorial Security Spiders. It is a desolate area mainly suitable for scavenging among the remnants of the past.",,,Shun,"WIP, Zones"
Sinklyde,,"Sinklyde is a Shek warrior imprisoned in Tengu's Vault who can be recruited. He has a maniacal personality and wears spiked armor. Once freed, he becomes a loyal follower with a thuggish demeanor.",,,Sinklyde,"Bounty, Characters, Playable, Unique"
Sinkuun,,"Sinkuun is a large peninsula northwest of the Great Desert, known as a refuge for outcasts and bandits from the United Cities. A group of Western Hivers has also settled here in relative isolation. Cannibal Hunters patrol the region, keeping the Cannibals from Darkfinger at bay and forcing them to travel through other territories instead.",,,Sinkuun,Zones
Ska,,Ska is a small town that belongs to the United Cities. It has only one citizen living there. The settlement exists but is rarely visited or mentioned by travelers.,,,Ska,Article stubs
Skeleton Bandits,,"Skeleton Bandits are a group from the southeast corner of the continent, mostly consisting of Greenlanders who wear skeleton masks and believe they are actual skeletons. They are led by Elder, a P4 Unit who has brainwashed his human followers and enjoys watching them fight. The faction is hostile to various groups including Hive Princes, Hive Soldier Drones, and others.",,,"Skeleton Bandits, Skeleton_Bandits",Factions
Skeleton Legion,,"The Skeleton Legion is a faction of skeletons found in the Sonorous Dark and Ashlands, believed to be remnants of the Second Empire's military forces. Most of their numbers are thralls, likely victims of mass enthrallment during the Empire's fall, though their scouts and legionnaires remain free-willed. They guard old Empire sites and seem to enforce their former emperor's exile, though they grow more aggressive if he is killed.",,,"Skeleton Legion, Skeleton_Legion","Factions, WIP"
Skeleton Repair Bed,,"Skeleton Repair Beds are specialized resting places where Skeletons can repair the wear and tear that builds up on their bodies over time. They also work on robotic limbs worn by other races and can patch up organic body parts, though they heal robotic parts much faster than flesh. These beds are found in certain workshops and settlements throughout the world.",,,"Skeleton Repair Bed, Skeleton_Repair_Bed",Buildings
Skeleton Repair Kit,,"A Skeleton Repair Kit is the robotic equivalent of a first aid kit, containing tools and common components used to repair cutting damage on skeleton body parts. These kits can be crafted after learning robotics or found in ancient ruins, on certain skeleton individuals, and at some shops. They are essential medical supplies for maintaining robotic limbs and bodies.",,,"Skeleton Repair Kit, Skeleton_Repair_Kit",Items
Skeleton Smiths (Manufacturer),,"Skeleton Smiths weapons are crafted by the Skeletons of Black Desert City and are among the finest weapons in the world. They are expensive and rare, often carried by wandering Skeletons or discovered as artifacts in ancient ruins. The weapons are marked with designations like 'Mk', similar to how some Skeleton models are named.",,,"Skeleton Smiths (Manufacturer), Skeleton_Smiths_(Manufacturer), Skeleton Smiths Manufacturer",Manufacturers
Skeletons,,"Skeletons are ancient mechanical beings who have formed their own isolated civilization in the harsh Deadlands, centered around Black Desert City. Most living creatures cannot survive the journey to their city, so they remain largely separate from the world. A few solitary Skeletons live in scattered outposts across the land, and some can be found in bars throughout other regions.",,,Skeletons,Factions
Skimmers,,Skimmers are creatures that exist in the world as their own group. They are animals that roam certain regions and can be encountered by travelers.,,,Skimmers,"Animals, Factions"
Skimsands,,"Skimsands is a buffer zone between the United Cities and the Holy Nation, though the Holy Nation patrols it more heavily. The area is infested with packs of Skimmers and also sees Rebel Farmers, Manhunters, and Mercenaries passing through. Tengu's Vault, a prison holding dangerous criminals, is located here.",,,Skimsands,Zones
Skin Bandits,,"The Skin Bandits are a faction of Skeletons who hunt humans for their skin to make clothing. They operate in the Sonorous Dark region under the leadership of Savant and use peeler machines to delimb their captives. Most people outside the Forbidden Zone believe their gruesome work is the doing of mythical creatures, though the United Cities have some vague awareness of skinless victims.",,,"Skin Bandits, Skin_Bandits",Factions
Skin Spider,,"Skin Spiders are large tan arachnoid creatures with long multi-jointed legs found in regions like Arach, the Spider Plains, and the Bonefields. They hunt prey with sharp cutting attacks from their pointed legs and drain victims by rapidly consuming their hunger. These spiders favor open terrain and gather in enormous swarms, particularly in Arach where they are said to serve the Bugmaster as guardians of his treasure hoard.",,,"Skin Spider, Skin_Spider","Animals, Characters"
Skinhouse,,"Skinhouse is an outpost controlled by the Skin Bandits, located in the Sonorous Dark region. These places contain peeler machines and are known to be dangerous for travelers, especially skeletons who may trigger hostile reactions. The state of these locations can change based on events happening in the world.",,,Skinhouse,Locations
Skinhouse HQ,,"Skinhouse HQ is the headquarters of the Skin Bandits, located in the Sonorous Dark region. It is led by Savant, who commands a faction that skins humans alive but tolerates Skeletons, Shek, and Hivers as visitors, though only Skeletons can join. If Savant is killed or imprisoned, the headquarters falls into ruin.",,,"Skinhouse HQ, Skinhouse_HQ","Article stubs, Locations"
Skinner's Roam,,"Skinner's Roam is a large rocky desert controlled by the Holy Nation, dotted with holy mines that become abandoned near the Deadlands. The region serves as a frontier between the Holy Nation and Shek Kingdom, but lacks regular patrols, allowing hungry bandits and wild bull herds to roam freely. A massive dust wall in the area is known to have damaged at least one of the mines.",,,"Skinner's Roam, Skinner's_Roam, Skinners Roam",Zones
Slave Farm,,"Slave Farm is a large slave camp in Heng run by the Slave Traders, where enslaved workers tend over ten massive cactus farms under the watch of Slave Mistress Ren. The camp supplies food to Heft, Stoat, and some desert samurai forces. If Slave Mistress Ren is killed or imprisoned, the entire farm collapses into ruin.",,,"Slave Farm, Slave_Farm",Locations
Slave Hunters,,"Slave Hunters are opportunistic slavers who roam areas with escaped slaves and bandits, capturing unconscious or vulnerable people to sell into slavery. They are less equipped than the organized Manhunters but still dangerous, sometimes attacking innocent travelers to make profit. They will haul any unconscious person they find to slave markets or camps.",,,"Slave Hunters, Slave_Hunters","Factions, Slave Hunters, Slavers"
Slave Markets,,"The Slave Markets is an outpost in the South Wetlands run by the Slave Traders faction. Unlike other slave camps, it has no farms or mines and appears to serve as a central hub for organizing slave capture, trade, and transfer to nearby working camps. If the Slave Market Master is killed or imprisoned, the area falls into ruin.",,,"Slave Markets, Slave_Markets",Locations
Slave Master Grande,,Slave Master Grande is a noble of the Traders Guild who oversees slaving operations from his residence in Eyesocket on the Stormgap Coast. He is one of the Northern Slave Masters whose activities keep the slave trade running in the region. His removal causes Eyesocket to fall into ruin and disrupts slave patrols across several territories.,,,"Slave Master Grande, Slave_Master_Grande","Bosses, Characters, Nobles, Slave Traders, Slavers, Traders Guild, Unique"
Slave Master Haga,,Slave Master Haga is a noble of the Traders Guild who oversees Stone Camp in The Great Desert. He lives in a guarded noble house and is one of the northern slave masters whose presence maintains order and slave trade operations in the region. His death would cause Stone Camp to fall into ruin and disrupt slave patrols across several territories.,,,"Slave Master Haga, Slave_Master_Haga","Bosses, Characters, Nobles, Slave Traders, Slavers, Unique"
Slave Master Ruben,,"Slave Master Ruben is a noble of the Traders Guild who oversees slave operations at South Stone Camp in Heng. Known as 'Sly' Ruben, they live under heavy guard in a noble house. Ruben is one of the Northern Slave Masters, and their death causes South Stone Camp to fall into ruin and disrupts slave trade patrols in the region.",,,"Slave Master Ruben, Slave_Master_Ruben","Bosses, Characters, Nobles, Slave Traders, Traders Guild, Unique"
Slave Master Wada,,"Slave Master Wada is a slave master of the Traders Guild who lives in a guarded noble house in Port South. He is one of the Northern Slave Masters whose collective deaths stop Manhunter and Slave Hunter patrols in several regions. If he is killed, Port South becomes destroyed, and his death combined with certain other nobles can cause towns like Heft or Bark to fall into malnourished states or come under peasant rule.",,,"Slave Master Wada, Slave_Master_Wada","Bosses, Characters, Nobles, Slave Traders, Traders Guild, Unique"
Slave Mistress Grace,,"Slave Mistress Grace is a Scorchlander noble of the Traders Guild who oversees Slave Farm South in The Hook. She carries a masterwork wakizashi and is protected by heavily armed samurai and noble guards. Her death or imprisonment causes major shifts in power across The Hook, potentially freeing slave operations and halting slaver patrols in the region.",,,"Slave Mistress Grace, Slave_Mistress_Grace","Bosses, Characters, Nobles, Traders Guild, Unique"
Slave Mistress Ren,,"Slave Mistress Ren is a noble of the Traders Guild who oversees the Slave Farm near Heng. She carries a masterwork wakizashi and is protected by heavily armed guards. Her death or capture causes the Slave Farm to collapse and can trigger widespread consequences across the northern territories, including the appearance of rogue samurai and anti-slaver forces.",,,"Slave Mistress Ren, Slave_Mistress_Ren","Bosses, Characters, Nobles, Slave Traders, Traders Guild, Unique"
Slave Traders,,"The Slave Traders are a faction that captures, trades, and works slaves across various farms and mines throughout the land. They maintain close ties with the Holy Nation and United Cities, and are heavily influenced by the Traders Guild. Their mortal enemies are the Anti-Slavers led by Tinfist, who seek to destroy their operations. They run markets, farms, and mines where slaves are bought and sold, and they work alongside groups like the Manhunters and Slave Hunters.",,,"Slave Traders, Slave_Traders","Factions, Slave Traders, Slavers"
Slaver,,"Slavers are members of the Slave Traders faction who work as quartermasters, workmasters, and wardens at slave camps. They are also hired by the Holy Nation to manage slaves at the Holy Mines. These individuals typically wear basic armor and carry clubs to keep captives in line.",,,Slaver,"Characters, Holy Nation, Slave Traders, Slavers"
Slavery,,"Slavery is a widespread industry in Kenshi, where slavers and mercenaries capture criminals, vagrants, and unconscious people to sell into servitude or prison labor. The United Cities, Holy Nation, Slave Traders, and other factions actively participate in this trade, buying and selling captives for profit or punishment. Enslaved individuals are shackled, forced to work or fight, and kept barely fed to maintain their labor. Escaped slaves are hunted down, and those who are freed rarely forget who sold them into bondage.",,,Slavery,Guides
Small Time,,"Small Time was a minor Holy Nation town that once sat on a cliffside in the mountains north of Blister Hill. It had a few bars, a trade shop, and some shacks, but was eventually replaced by the slave camp known as Rebirth.",,,"Small Time, Small_Time",Removed Content
Smugglers Bar,,"Smugglers Bar is an outpost in Shem run by the Grayflayers, a faction known for dealing in illegal goods. The bar attracts smugglers, mercenaries, and various wanderers looking for work or a place to rest. It offers free beds upstairs and operates day and night, making it a popular stop for travelers in the region.",,,"Smugglers Bar, Smugglers_Bar",Locations
Sniper Valley,,"Sniper Valley is a dangerous zone in the southeastern corner of the continent, near the Ashlands. It is named for the frequent presence of Sniperbots and is one of the few regions where Leviathans roam. The area contains ancient ruins but no settlements or camps.",,,"Sniper Valley, Sniper_Valley","WIP, Zones"
Sniperbot,,"Sniperbots are skeletal machines from the Old Machines that patrol the southeastern regions, particularly Sniper Valley which is named after them. They travel alone and are hard to spot, often getting the first shot with their crossbow due to their exceptional marksmanship. They wear armoured rags and carry weapons made by an unknown manufacturer.",,,Sniperbot,Characters
Soldierbot,,Soldierbots are a specific model of Skeleton with superior combat abilities and vision compared to standard Skeletons. They heal faster and are immune to weather effects. Only one guaranteed Soldierbot can be recruited as a companion.,,,Soldierbot,Races
Sonorous Dark,,"Sonorous Dark is a dangerous peninsula region at the edge of the Ashlands, home to the Skin Bandits who kidnap and peel victims from nearby zones. The area is plagued by acid rain and roaming threats. It marks the beginning of the harsh Ashlands territory.",,,"Sonorous Dark, Sonorous_Dark",Zones
Sonorous Junk Reef,,"The Sonorous Junk Reef is a shallow water area south of the Sonorous Dark and west of the Ashlands, littered with twisted scrap metal and dormant Iron Spiders. It lies outside the usual inhabited zones of the world, so no one lives there and no hostile groups patrol it. The reef is quiet and abandoned, similar to other remote coastal areas.",,,"Sonorous Junk Reef, Sonorous_Junk_Reef","WIP, Zones"
South Stone Camp,,"South Stone Camp is a slave camp in Heng controlled by the Slave Traders, where slaves work the stone mines under Slave Master Ruben. The camp supplies stone to Heng, Trader's Edge, Heft, and parts of the southern Samurai Army. If Ruben is killed or imprisoned, the camp falls to ruins and its inhabitants disappear.",,,"South Stone Camp, South_Stone_Camp",Locations
South Wetlands,,"The South Wetlands is a swampy region marked by a large central lake and a slave market on its eastern side. It serves as the headquarters for the Swamp Ninjas, whose patrols frequently clash with their rivals, the Red Sabres. The area has no major towns, only scattered small settlements and outposts.",,,"South Wetlands, South_Wetlands",Zones
Southern Hive,,"The Southern Hive is a hostile faction of pink-skinned hivers dwelling in the Royal Valley and Greyshelf regions, ruled by the Queen of the South. They are fiercely xenophobic and attack any intruders or hiveless individuals on sight, often devouring or sacrificing them to their King. Southern Hivers are far more aggressive than their western cousins and refer to the outside world as ""the Faraway.",,,"Southern Hive, Southern_Hive","Factions, Hivers, Southern Hive"
Spider Factory,,"The Spider Factory is an ancient ruin on the Forbidden Isle, believed to have been built during an old war. It is now inhabited by numerous security spiders and iron spiders, commanded by a dangerous skeleton called the Spider Foreman who wields a legendary staff.",,,"Spider Factory, Spider_Factory",Locations
Spider Plains,,"The Spider Plains are vast hilly fields overrun with Skin Spiders, once part of Shek Kingdom territory but now largely abandoned. A few Shek bandit groups still roam the area, though the region is mostly wild and dangerous. There are no major settlements here, only scattered ruins and small outposts.",,,"Spider Plains, Spider_Plains",Zones
Spiders,,"Spiders are creatures that roam certain regions of the world, often gathering in groups. While most spiders belong to their own kind, some can be found living among other swamp dwellers. They can take over certain areas under the right circumstances.",,,Spiders,"Animals, Factions"
Spine Canyon,,"Spine Canyon is a long rocky plateau range that separates Skimsands from The Great Desert. The Bloodraiders and Sand Ninjas roam this small region, making it dangerous for travelers. There are no major towns or ancient ruins here, only temporary camps and wandering squads.",,,"Spine Canyon, Spine_Canyon",Zones
Splint Kit,,"A splint kit is a medical tool used to temporarily restore function to wounded body parts, like an injured leg, allowing someone to walk instead of limp. Splinted damage also helps protect limbs from being cut off in combat. Tech Hunters and Sand Ninjas are known to carry them, and they can be purchased at Traveling Gear Shops in United Cities territory.",,,"Splint Kit, Splint_Kit",Items
Spring,,Spring is a mountain-top town in Stobe's Gamble that serves as the base of the Anti-Slavers faction. The legendary warrior Tinfist resides in the faction headquarters here. Visitors allied with slavers or wearing enemy faction armor may be attacked by the guards.,,,Spring,Locations
Spring Bat,,"The Spring Bat is a modern crossbow invented by rebels during the early days of the United Cities. It was designed to pierce heavy armor worn by dominant military forces and is easy to build. However, it suffers from short range and poor accuracy, making it a risky weapon in close quarters.",,,"Spring Bat, Spring_Bat",Crossbows
Spring Steel,,"Spring Steel is a flexible metal used in making crossbows and machinery. It can be crafted at arrow making benches or purchased from mechanical shops, though it's not always available. This material is essential for crossbow construction and advanced locksmith training equipment.",,,"Spring Steel, Spring_Steel",Items
Squin,,"Squin is a town in the Border Zone controlled by the Shek Kingdom, located east of their capital Admag in a narrow canyon. The town runs on wind power and experiences frequent outages due to lack of batteries. Iron and copper can be mined nearby, though bandits roam the region and harass travelers.",,,Squin,"Locations, Shek Kingdom"
Stack,,"Stack is a large town on the edge of Holy Nation territory in Okran's Gulf. It has a decent variety of shops and is close to the Western Hive and the Hub, making it popular with traders. High Inquisitor Seta resides here, and the surrounding areas are often patrolled by weaker bandits and bonedogs.",,,Stack,"Holy Nation, Locations"
Standard First Aid Kit,,"A standard first aid kit contains bandages, disinfectant, and painkillers used to treat cuts and wounds. These kits are commonly carried by United Cities police, bounty hunters, and many wandering fighters. They can be crafted at medical workbenches by those who understand basic medicine.",,,"Standard First Aid Kit, Standard_First_Aid_Kit",Items
Starving Bandits,,"Starving Bandits are desperate outlaws who roam the wilds around Holy Nation territories, particularly in frontier regions like Okran's Gulf and Border Zone where law enforcement is weak. They are disorganized gangs of destitutes and thugs who survive through robbery and scavenging, attacking travelers and looting the unconscious for food. Though individually weak and untrained, they rely on overwhelming numbers and are hostile to everyone they encounter. Many eventually end up captured and enslaved in the Holy Mines or escape to join other outlaw groups.",,,"Starving Bandits, Starving_Bandits",Factions
Stenn Desert,,"The Stenn Desert is a barren, inhospitable region that serves as the homeland of the Shek people. It is plagued by bandits like Kral's Chosen and Berserkers, as well as roaming Skin Spiders that have migrated from the Spider Plains. The Shek capital of Admag is located here, along with various bandit strongholds. True to its name, it never rains in this harsh desert.",,,"Stenn Desert, Stenn_Desert",Zones
Stoat,,"Stoat is a United Cities town in the southwest Great Desert, governed by Lord Inaba from the Noble House. The town relies on supplies from a nearby stone camp and slave farm, and serves as the last major settlement when traveling east through the desert. It has four gates guarded by samurai and includes slums with wind generators and camp beds for the homeless.",,,Stoat,"Article stubs, Locations, United Cities"
Stobe,,"Stobe was an ancient skeleton of enormous size whose remains now lie in a region called Stobe's Garden. Many skeletons revere him as a martyr or deity, and some grow somber when near his corpse. The exact nature of his sacrifice is unknown, though some believe he may have stopped a catastrophic weapon launched by the Ancients to preserve life on Kenshi.",,,Stobe,"Characters, Lore"
Stobe's Gamble,,"Stobe's Gamble is a dangerous volcanic region named after Stobe, home to the Anti-Slavers and their capital city of Spring. The zone is infested with large swarms of landbats, skilled Karate Drifters, and even Leviathans, while ancient ruins are often guarded by Security Spiders. A hidden drug farm in the area grows hemp, a rare crop outside the Swamp.",,,"Stobe's Gamble, Stobe's_Gamble, Stobes Gamble",Zones
Stobe's Garden,,"Stobe's Garden is a dangerous region where Skeleton Bandits and Crab Raiders frequently clash with the Reavers who control the area. It is known as the final resting place of Stobe, an ancient figure. Bounty Hunters and Black Dragon Ninjas sometimes pass through, making it a hazardous place for travelers.",,,"Stobe's Garden, Stobe's_Garden, Stobes Garden",Zones
Stone Camp,,"Stone Camp is a slave labor camp in The Great Desert controlled by the Slave Traders, located roughly halfway between Stoat and Sho-Battai. Slaves work the stone mines here under the command of Slave Master Haga. The camp supplies stone to several United Cities settlements including Stoat, Heng, and Trader's Edge.",,,"Stone Camp, Stone_Camp",Locations
Stone Rats,,"The Stone Rats are a gang living in the Swamp, based in Shark and their own village led by Big Al. They are subservient to the Hounds and avoid angering them, as the Hounds consider them foolish and prone to making mistakes. If their leader is removed, they fall under direct Hounds control.",,,"Stone Rats, Stone_Rats",Factions
Stormgap Coast,,"Stormgap Coast is United Cities frontier territory that separates their lands from the wild southeastern regions like The Outlands and the Forbidden Zone. The area is frequented by Grass Pirates, Beak Things, and Rebel Farmers. It experiences coastal weather and serves as a buffer between civilization and the dangerous wilds beyond.",,,"Stormgap Coast, Stormgap_Coast",Zones
Stormthrall,,Stormthralls are skeleton guards who serve Cat-Lon at his Exile. They live in a separate dome but swarm Cat-Lon's chamber when he calls for them. These ancient warriors wear old samurai armor and wield weapons forged by skeleton smiths.,,,Stormthrall,Characters
Strawflour,,Strawflour is a raw ingredient made by milling wheatstraw in a grain silo. It cannot be eaten on its own but is combined with water in a bread oven to produce bread. Trade goods traders sell strawflour at various settlements.,,,Strawflour,"Farming, Items"
Surgeon,,Surgeons are Holy Nation shopkeepers who work in hospitals alongside doctors. They sell medical supplies and can perform facelifts for a fee. These men are typically found at military bases and major settlements in Holy Nation territory.,,,Surgeon,Characters
Swamp Ninja Base,,"The Swamp Ninja Hideout is the main base of the Swamp Ninjas, located in the South Wetlands. It is home to many ninja warriors of various ranks and their leader, Shade. The hideout serves as the central stronghold for this secretive faction.",,,"Swamp Ninja Base, Swamp_Ninja_Base",Locations
Swamp Ninjas,,"The Swamp Ninjas are a faction from The Swamp who act as an informal enforcement group amid the region's chaotic gang conflicts. They are rivals of the Red Sabres and operate from their base in the South Wetlands, led by a boss named Shade. They wear distinctive masks and ragged clothing suited for the wetlands, and arm themselves with blades like ninja swords and guardless katanas.",,,"Swamp Ninjas, Swamp_Ninjas","Factions, Ninja"
Swamp Raptor,,"Swamp Raptors are docile reptilian creatures that roam in large groups throughout the Swamp and nearby regions. They are stronger and pointier than River Raptors, and share a ravenous appetite for crops, making them a constant threat to hemp farms. They are also known to feed on corpses, and a rare larger variant called the Megaraptor exists.",,,"Swamp Raptor, Swamp_Raptor","Animals, Characters, Raptors"
Swamp Turtle,,"Swamp Turtles are tall, slow-moving creatures found in swamplands with wrinkly green skin, long snouts, and wide shells resembling mushroom caps. They are entirely peaceful unless attacked and roam quietly through regions like The Swamp and South Wetlands. These gentle giants can be found alone, in pairs, or sometimes in larger groups.",,,"Swamp Turtle, Swamp_Turtle","Animals, Characters"
Swampers,,"The Swampers are a loose collection of outcasts, criminals, and exiles living in The Swamp, ruled by five competing gang clans led by Big Bosses. Their society is violent and chaotic, with street fights breaking out over minor insults, and they commonly trade in fish and hashish. The gangs engage in smuggling, extortion, and kidnapping, with the Hounds gang currently holding the most power under Big Grim.",,,Swampers,"Factions, Swampers"
Tax Collector,,The United Cities sends tax collectors to outposts that have agreed to pay taxes or failed to pay previously. Refusing to pay or ignoring the collectors results in enforcement squads being sent to attack the outpost.,,,"Tax Collector, Tax_Collector",Events
Tech Hunters,,"The Tech Hunters are a small organization of adventurers who explore ancient ruins searching for lost technologies and artifacts. They control a few scattered towns and waystations, often working as mercenaries or shopkeepers selling adventuring gear. Their members can be found wandering the wilds or operating shops in various faction territories.",,,"Tech Hunters, Tech_Hunters",Factions
Telbooze,,"Telbooze was a small mountain town that once existed southeast of Brink, perched precariously on a mountainside. It was owned by Dead Cat despite the area being patrolled by Imperial Lords. The town no longer exists, though its structures were later reused elsewhere.",,,Telbooze,Removed Content
Tengu's Vault,,"Tengu's Vault is a military prison in the rocky Skimsands, guarded by United Cities Samurai and overseen by the Vault Warden. It holds the empire's worst criminals and is heavily restricted, with guards attacking trespassers on sight. The prison contains beds, training areas, cooking facilities, and cells spread across multiple floors.",,,"Tengu's Vault, Tengu's_Vault, Tengus Vault","Locations, United Cities"
The Bastion,,"The Bastion is a military outpost that serves as the base for the Cannibal Hunters faction. It sits on the border between Darkfinger and Sinkuun, near the town of Bast. The faction leader Robun can be found in the Bughouse there.",,,"The Bastion, The_Bastion",Locations
The Black Desert,,"The Black Desert is a poisonous wasteland neighboring the Deadlands and Iron Valleys, named for its dark sand and moving poison clouds that can harm anyone who breathes them. The land appears dead from old pollution, though strange red-leafed trees still grow among the lifeless ones. No towns or settlements exist here, and travelers must contend with toxic air that lingers in the region.",,,"The Black Desert, The_Black_Desert",Zones
The Blessing Of Slavery,,"A book written by Lord Inaba of the Inner Circle defending the United Cities' practice of slavery. The author argues that critics are hypocrites who benefit from slave labor while condemning it, and claims slavery brings prosperity by allowing efficient use of resources and land. The book is commonly found among United Cities vendors and officials.",,,"The Blessing Of Slavery, The_Blessing_Of_Slavery",Books
Burning Forest,,"The Burning Forest is a swampy woodland where acid rain falls frequently, giving the region its name. Blood Spiders infest the area, making it dangerous even when the weather clears. Ruins of old labs and farms can be found scattered throughout, though they are often guarded by security spiders.",,,"Burning Forest, Burning_Forest",Zones
Cannibal Plains,,"The Cannibal Plains are a dangerous region in the northwest where large groups of cannibals roam freely, often overwhelming travelers. Cannibal hunters sometimes venture here to track their prey, though they risk becoming victims themselves. The area also sees occasional shrieking bandits and berserkers mixed into the chaos.",,,"Cannibal Plains, Cannibal_Plains",Zones
The Cannibal Plains: De-evolution Of Man?,,"This book speculates on the origins of the painted cannibal tribes in the Cannibal Plains, questioning whether they descended from the ancient civilization that once operated the northern labs or invaded and destroyed it. The author considers possibilities like environmental toxins, failed experiments, or severe famine causing their savage state. Written by Finch, the leader of the Machinists, it reflects on whether the cannibals represent a devolution of humanity or simply outlasted more advanced peoples through brutal survival.",,,"The Cannibal Plains: De-evolution Of Man?, The_Cannibal_Plains:_De-evolution_Of_Man?, The Cannibal Plains Deevolution Of Man",Books
The Crags,,"The Crags is a harsh region dominated by Skeleton Bandits led by Elder, where Reavers and Crab Raiders frequently clash. If Elder falls, Skin Bandits and Southern Hive groups move into the area. Drifters from nearby Stobe's Gamble sometimes pass through, though not all are friendly.",,,"The Crags, The_Crags",Zones
The Crater,,"The Crater is a dangerous southwestern zone shaped like a bowl with high borders on all sides, making it hard to enter or exit. It's filled with Beak Things hunting Swamp Raptors among empty ruins. The area has no towns or settlements, only ancient ruins and wandering predators.",,,"The Crater, The_Crater",Zones
The Dancing Skeleton,,"The Dancing Skeleton is a bar located in Shark, a swamp city. It is run by Swampers with Empire Mercenaries keeping order among the gangs and rough crowds. The barman offers information about local gangs, and many potential recruits gather here, including thugs, mercenaries, and skeletons.",,,"The Dancing Skeleton, The_Dancing_Skeleton","Town Residents, Unique, Vendors"
United Cities,,"The United Cities is a large feudal empire that controls vast territories across the desert regions and beyond, ruled by Emperor Tengu and his nobles. It relies heavily on slavery and the powerful Traders Guild for wealth, treating poverty as a crime and enslaving those who cannot pay. The faction is locked in a frozen war with The Holy Nation after losing the region of Bast, and strictly outlaws hashish and hemp despite noble hypocrisy. Decades ago, a famine and rebellion nearly destroyed the empire, leading to Tengu's rise and an increased dependence on slave labor.",,,"United Cities, United_Cities","Factions, United Cities"
The Eye,,"The Eye is a desolate wilderness region centered around a massive fallen satellite structure shaped like a ring, obscured by constant sandstorms. Skeletons suggest a second Eye satellite still functions and fires the deadly laser beams over Venge. The area is empty of towns or outposts, inhabited only by wild animals and roaming bandits.",,,"The Eye, The_Eye",Zones
The Gorrillo Bandits,,"The Gorrillo Bandits are a hostile group operating in the southern regions of the world, based out of the Old Prison. They are martial artists who fight mostly unarmored, relying on hand-to-hand combat rather than weapons. This makes them vulnerable to ranged attacks but impossible to disarm in a fight.",,,"The Gorrillo Bandits, The_Gorrillo_Bandits",Factions
The Great Desert,,"The Great Desert is a vast, arid region in the northeastern corner of the continent, controlled by the United Cities who maintain their capital Heft and several towns throughout the dunes. The landscape is mostly barren and poor for farming, but rich in metal and stone deposits. Patrols of skimmers, rebel farmers, starving vagrants, manhunters, and sand ninjas roam the area, while slavers operate work camps and markets for their trade.",,,"The Great Desert, The_Great_Desert",Zones
The Great Fortress,,"The Great Fortress is a partially ruined Shek Kingdom outpost in the Stenn Desert. It appears to be a former stronghold that was destroyed and only partly rebuilt, with most buildings still in ruins. Only a police station and faction headquarters remain operational, and it serves as a nearby location to New Kralia for turning in criminals.",,,"The Great Fortress, The_Great_Fortress","Article stubs, Locations, Shek Kingdom"
The Grid,,"The Grid is a ruined area northeast of a great crater and southwest of the Swamp, marked by strange rock formations split in a grid-like pattern. The area is dangerous and largely uninhabited, with security spiders guarding the ruins.",,,"The Grid, The_Grid",Zones
The Guiding Light,,"The Guiding Light Series is a collection of books written by Holy Nation priests and theologians. They teach followers how to identify and deal with Skeletons, explain the religious views on Shek and Hivers as corrupted beings, and provide guidance on proper behavior according to Okran's teachings. These books reinforce the Holy Nation's ideology and are commonly found among their settlements.",,,"The Guiding Light Series, The_Guiding_Light_Series",Books
Hidden Forest,,"Hidden Forest is a sparse, rocky forested region known as the hideout of the Flotsam Ninjas. The area is plagued by Cannibals and dangerous river raptors near the northern coast. Local tales speak of it as a cursed land near the mouth of the abyss, filled with demons and unholy monsters.",,,"Hidden Forest, Hidden_Forest",Zones
The Holy Crusade,,"The Holy Crusade is a religious text written by the Holy Lord Phoenix calling for a campaign against the Shek Kingdom to end their raids and bring peace to Holy Nation lands. It declares that non-humans must be converted or destroyed as an act of mercy, sending their souls back to Okran for rebirth as humans. The text frames this war as obedience to their Creator and warns that dishonoring Okran threatens their civilization's survival.",,,"The Holy Crusade, The_Holy_Crusade",Books
The Hook,,"The Hook is a southern coastal region controlled by the United Cities, Traders Guild, and Slave Traders. It serves as one of the two main southern territories of the UC alongside the Bonefields. The area features small settlements and ancient ruins, with patrols similar to those found in the northern UC territories.",,,"The Hook, The_Hook","United Cities, WIP, Zones"
The Hub,,"The Hub is a ruined town in the Border Zone that once belonged to the Holy Nation before being taken over and later abandoned by the Shek Kingdom. After both factions left, outlaws moved into the ruins and made it their home. The bar is run by the Trade Ninjas, and old letters found in a small shack tell the story of how the town changed hands and was eventually deserted by both sides.",,,"The Hub, The_Hub",Locations
The Iron Trail,,"The Iron Trail is a narrow flatland stretching from the Cannibal Plains to the western sea, marked by sapphire-colored glassy ground and numerous iron spiders, both active and inactive. The land is mostly barren with sparse vegetation and no settlements, though ancient ruins can be found scattered throughout. Water is scarce despite decent soil, and the iron spiders make the region dangerous for travelers and wildlife alike.",,,"The Iron Trail, The_Iron_Trail",Zones
The Little Boy That Got Dismembered By Skeletons,,A popular children's book in the Holy Nation that tells the cautionary tale of a boy named Timmy who neglected his prayers and was dismembered by a Skeleton. The book is used to teach Holy Nation children to fear and hate Skeletons from a young age. It can be found with many vendors throughout the Holy Nation.,,,"The Little Boy That Got Dismembered By Skeletons, The_Little_Boy_That_Got_Dismembered_By_Skeletons","Books, Items"
The Lost Ancients,,"The Lost Ancients Series are books written by scholars studying two ancient civilizations, referred to as X and Y. Civilization X was far more advanced and long-lived, possibly dominated by skeletons, while Y appears to have been a crude attempt to rebuild after X's collapse. Some scholars theorize these two civilizations may have warred with each other, and that fragments of this history might be preserved in Okranite religious texts.",,,"The Lost Ancients Series, The_Lost_Ancients_Series","Books, Lore"
The Mystery Of Skeletech,,"This book series presents theories about how skeletons survived ancient catastrophes while their human masters perished. The authors suggest skeletons may have been born during the collapse, fled to safety, or simply endured conditions that killed biological life. Some scholars believe skeletons were designed to destroy the ancient civilization, whether through infiltration, rebellion, or madness.",,,"The Mystery Of Skeletech Series, The_Mystery_Of_Skeletech_Series","Books, Lore"
The Old Empire,,The Old Empire was an ancient faction that once controlled certain ruins and watchtowers now associated with the Second Empire. It appears to have been an earlier civilization that predated the Second Empire's rule over these territories.,,,"The Old Empire, The_Old_Empire",Removed Content
The Outlands,,"The Outlands is a rugged zone controlled by the minor faction Black Dog, and home to the Tech Hunters town of Black Scratch, which houses the Great Library. The area is dangerous due to frequent Reaver patrols who enslave those they defeat and steal their belongings. The terrain is difficult and can slow travelers down, making escape from raiders harder.",,,"The Outlands, The_Outlands","WIP, Zones"
The Pacifier: Guidance for a Troublemaker,,"This book tells the story of someone who angered both the Holy Nation and another major faction through a series of mishaps, then escaped trouble by paying off their problems. People in Kenshi generally understand The Pacifier: Guidance for a Troublemaker as part of Books.",,,"The Pacifier: Guidance for a Troublemaker, The_Pacifier:_Guidance_for_a_Troublemaker, The Pacifier Guidance for a Troublemaker",Books
The Pits,,"The Pits is a dangerous zone in the southeast Forbidden Zone where Skeleton Bandits and Crab Raiders frequently clash. Fishmen from nearby islands kidnap wounded organics from these battles, and Skin Bandits join in if Elder is gone. Drifters from Stobe's Gamble also roam here, though some are hostile to strangers.",,,"The Pits, The_Pits",Zones
The Preacher,,"The Preacher is a Hive Prince who leads the Preacher Cult from a small village in Stormgap Coast. They are wanted by the United Cities, Holy Nation, and Shek Kingdom for leading a nature cult believed responsible for the disappearance of hundreds of desert travelers. The Preacher wields a legendary Moon Cleaver and must be captured alive for interrogation.",,,"The Preacher, The_Preacher","Bosses, Bounty, Characters, Hivers, Meitou Wielders, Preacher Cult, Stormgap Coast, Unique"
The Queen,,"The Queen is the leader of the Western Hive and rules from her Hill Hut on an island west of Vain. She sits on a strange throne and only communicates through screeches, with royal guards protecting her presence. If she dies or is kidnapped, the Western Hive collapses, causing villages to fall to Fogmen and lost Hivers to wander the world mourning her absence.",,,"The Queen, The_Queen","Bosses, Characters, Hivers, Unique, Western Hive"
The Red Rebellion,,"The Red Rebellion was a violent uprising in the United Cities that occurred during a time of severe drought and famine. When the Traders Guild failed to deliver aid and the nobles hoarded what little food remained, the starving lower classes revolted against the ruling class. The rebellion was marked by widespread bloodshed and nearly destroyed the established order before it was suppressed.",,,"The Red Rebellion, The_Red_Rebellion",Books
The Shrieking Forest,,"The Shrieking Forest is a dense, fertile region north of the Fog Islands and west of the Floodlands. It is controlled by the Shrieking Bandits, who are fiercely territorial and attack anyone who enters their land. The forest is beautiful and supports excellent crop growth, but the constant screaming of its inhabitants makes it an unsettling place to settle.",,,"The Shrieking Forest, The_Shrieking_Forest",Zones
The Swamp,,"The Swamp is a foggy, densely vegetated region between the Border Zone and South Wetlands, known for its fertile farmland and abundant copper and iron deposits. It is controlled by the Swampers and various criminal gangs like the Hounds, who run hashish trade networks from cities like Shark. The area is dangerous due to frequent bandit patrols, hostile creatures like Blood Spiders and Swamp Raptors, and ancient ruins that may contain valuable loot or deadly guardians.",,,"The Swamp, The_Swamp",Zones
"The United Cities, A United Power",,"This book praises the United Cities as a nation ruled by the wealthy and powerful, claiming that money naturally flows to those who deserve it. It argues that the poor and weak belong in the mines, kept separate from the elite who enjoy power and luxury.",,,"The United Cities, A United Power, The_United_Cities,_A_United_Power, The United Cities A United Power",Books
The Unwanted Zone,,"The Unwanted Zone is a dangerous wilderness filled with beak things and crabs that constantly fight each other. The area has many nests where eggs can be gathered, but travelers usually avoid it due to the aggressive creatures. It lies between Stobe's Gamble and The Outlands, forcing those who pass through to either fight or take a longer route around.",,,"The Unwanted Zone, The_Unwanted_Zone",Zones
Thieves Guild,,"Thieves Guilds are watchtowers operated by the Shinobi Thieves found in many locations across the land. They serve as bases for the thieves and contain fences who buy and sell goods discreetly. Allying with the Shinobi Thieves grants access to their facilities, including training equipment and beds inside these watchtowers.",,,"Thieves Guild, Thieves_Guild","Town Residents, Vendors"
Thinfish,,"Thinfish are a type of fish found in the larger lakes of swamps and wetlands. They are called thinfish simply because they are thinner than the other common fish, the Grand Fish. They can be eaten as food or used to make dried fish.",,,Thinfish,"Items, Nutrition"
Thrall,,"Thralls are skeletons found in the Tower of Abuse, believed to be either jury-rigged or lobotomized by other skeletons. They carry weapons made by ancient or skeleton smiths and wear no armor. It is thought that weaker skeleton models were enslaved by their stronger cousins after the fall of the ancient empires.",,,Thrall,Characters
Thrall Masters,,Thrall Masters are a bandit faction made up of reprogrammed Skeletons who inhabit Venge and sometimes appear in the Grey Desert and The Eye. Their headquarters is the Tower of Abuse. They are hostile to everyone and will attack any character on sight.,,,"Thrall Masters, Thrall_Masters",Factions
Tinfist,,"Tinfist is a Skeleton and the leader of the Anti-Slavers, a faction that operates from the city of Spring in Stobe's Gamble. He is a master of Martial Arts and claims to have been trained by Gatwood the Soft, the founder of modern Martial Arts. Tinfist is wanted by the Traders Guild, United Cities, and Holy Nation for his radical anti-slavery activities, which many governing bodies consider acts of terrorism. He has an enormous bounty on his head and is known for leading raids to free slaves across the continent.",,,Tinfist,"Anti-Slavers, Bosses, Bounty, Characters, Superbosses, Unique"
Tooth Pick,,"The Tooth Pick is a cheap, lightweight crossbow commonly found in the swamps. It's not particularly powerful but can quickly fire bolts at close range before switching to melee weapons. A poorly made version of this design is known as the Junkbow.",,,"Tooth Pick, Tooth_Pick",Crossbows
Tora the Fearless,,"Tora the Fearless is a dishonored Shek warrior who leads the Band of Bones, a bandit group operating from an exile camp southwest of Squin. After being disgraced and having her horns removed, she refused to surrender her weapon as required by Shek law and chose self-exile and banditry over an honorless death. She is wanted by the Shek Kingdom and commands her outlaw band in the Stenn Desert region.",,,"Tora the Fearless, Tora_the_Fearless","Bosses, Bounty, Characters, Unique"
Tower Of Ninjas,,"The Tower of Ninjas is the stronghold of the Black Dragon Ninjas, located in the northeast Border Zone. The faction becomes hostile to intruders on sight. It is home to Dimak and Buzan, the leaders of the Black Dragon Ninjas, both wanted by the Holy Nation.",,,"Tower Of Ninjas, Tower_Of_Ninjas",Locations
Tower of Abuse,,"The Tower of Abuse is a ruined structure in Venge that serves as the base for the Thrall Masters faction. The leaders Screamer the False and Ponk reside inside, and the tower contains ancient technology and repair facilities. A captive named Agnu can be found imprisoned on the second level.",,,"Tower of Abuse, Tower_of_Abuse",Locations
Trade Ninjas,,"Trade Ninjas are a small faction that owns and guards bars in places like The Hub, Mourn, and the Rebel Base. They protect their establishments from bandits and troublemakers, and run what many consider shady black market operations. If certain cities fall under new control, Trade Ninjas expand their bar ownership there as well.",,,"Trade Ninjas, Trade_Ninjas","Factions, Ninja"
Black Market Bar,,"The Black Market Bar is a small establishment run by the Trade Ninjas. It serves as both a drinking spot and a shop selling construction materials and weapons. The bar is known for accepting stolen goods, as long as they weren't stolen from the Trade Ninjas themselves.",,,"Black Market Bar, Black_Market_Bar","Town Residents, Vendors"
Trader's Edge,,"Trader's Edge is a settlement on a plateau next to the city of Heng in United Cities territory, connected by a metal bridge and protected at its entrance by UC forces. It serves as the headquarters of the Traders Guild, where their leader Longen resides. The town relies on supplies from nearby mining camps and is a common stop for trade caravans passing through the region.",,,"Trader's Edge, Trader's_Edge, Traders Edge",Locations
Trader's Edge (Alpha),,"Trader's Edge was a town in the old world that existed near Brink, Catun, and Telbooze. It was controlled by the United Cities. The town eventually made it into the final version of the world, though its original form from the alpha period no longer exists.",,,"Trader's Edge (Alpha), Trader's_Edge_(Alpha), Traders Edge Alpha",Removed Content
Traders Guild,,"The Traders Guild is a powerful merchant faction based in the United Cities that handles trade between towns across the land. Though aligned with the Empire, they maintain neutrality to trade with many factions, even enemies like the Holy Nation. They manage slave camps through the Noble Circle and employ guards and samurai to protect their caravans and headquarters in Trader's Edge.",,,"Traders Guild, Traders_Guild","Factions, Traders Guild, United Cities"
Truth Two,,"They are considered among the finest weapon makers, second only to Edgewalkers in reputation. Truth Two does not manufacture certain weapon types like cleavers, clubs, or slim katanas.",,,"Truth Two, Truth_Two","Manufacturers, Removed Content"
Turrets,,"Turrets are defensive structures that fire arrows at enemies and require trained operators to use effectively. A character's skill with turrets improves their accuracy and firing speed while reducing the chance of hitting allies. These weapons do not need ammunition and can be manned by anyone, though inexperienced operators may accidentally strike friendly units.",,,Turrets,"Buildings, Statistics"
Twinblades,,"The Twinblades are a gang of Scorchlanders operating in the Swamp who make their living through kidnapping and ransom. They harvest organs from captives who cannot pay and extort doctors for body parts. Led by Big Fang from Mud Town, they are the smallest of the Swamp gangs and control no settlements of their own.",,,Twinblades,"Factions, Swamp Gangs, Swampers"
Undertaker,,"Undertakers are workers who operate the corpse furnaces in Mongrel, disposing of the dead in that fog-shrouded town. They can be human, Shek, or Hive, and typically wear light armor while carrying a moon cleaver. Some Undertakers also work with the Tech Hunters in Black Scratch.",,,Undertaker,Characters
United Heroes League,,"The United Heroes League is a faction of Greenlander vigilantes who operate in United Cities territory, claiming to be protectors of their cities. They are hostile to non-human races and foreigners, often harassing and accusing them of various crimes. Their leader, Lord Mirage, can be found at Fort Mirage in The Great Desert, and their patrols are commonly seen in major United Cities settlements.",,,"United Heroes League, United_Heroes_League","Factions, Traders Guild, United Cities, United Heroes League"
United Weekly Newspaper,,"The United Weekly Series is a newspaper that circulates throughout the United Cities. It features fashion segments and publishes articles criticizing the Hive race, and more recently has begun running pieces against the Shek as well.",,,"United Weekly Series, United_Weekly_Series","Books, United Cities"
Urchin,,"Urchins are large fossilized remains that resemble giant sea urchins, scattered across various regions but especially common in the southern Border Zone and Stenn Desert. Some believe their presence suggests the land was once covered by water long ago. They are ancient remnants of a bygone era.",,,Urchin,World Elements
Vagrants,,"Vagrants are poor and starving people found throughout the United Cities, often hanging around bars or turning to banditry in the northwestern territories. They are not a true organized faction but rather a loose category of desperate individuals. Some vagrants work as bar thugs in various towns, while others have fallen into slavery under the Reavers.",,,Vagrants,"Factions, WIP"
Vain,,"Vain is the heartland of the Western Hive, a coastal zone with red acidic rivers and unusual biodiversity. Despite the ominous bloody terrain and acidic water, the land is safe for travel and farming, though dangerous creatures like Beak Things and Gorillos roam the area. It borders the Holy Nation lands to the east and Shek Kingdom territory to the south.",,,Vain,Zones
Valamon,,"Valamon is a tall, muscular Shek warlord who leads the Reavers from their capital at Ark. He is wanted by the United Cities for robbery, murder, kidnapping, and attacking their patrols and citizens. If he is removed from power, his territory may be claimed by the Crab Raiders or fall into ruin, and his organized raids will cease.",,,Valamon,"Bosses, Bounty, Characters, Reavers, Stobe's Garden, Superbosses, Unique"
Okran's Valley,,"Okran's Valley is a northern territory of the Holy Nation, named after their god and situated between two mountains called Arm of Okran. The land transitions from grassy southern forests to northern desert as it approaches United Cities borders. Holy army patrols regularly pass through, and the locals are hostile to non-humans.",,,"Okran's Valley, Okran's_Valley, Okrans Valley",Zones
Venge,,"Venge is a dangerous region of heated valleys and mountains where deadly laser beams rain down from above, burning anyone not protected by full burn-resistant armor, though Skeletons are immune. The beams come from an ancient Eye system still running overhead. The area is prowled by thralls from the Tower of Abuse, along with beak things and various spiders.",,,Venge,Zones
War Gorillo,,"War Gorillos are large, dangerous creatures domesticated by the Southern Hive for combat purposes. They are typically found near the nest of the Queen of the South and throughout Southern Hive territory. These animals are formidable in battle and pose a serious threat to unprepared travelers.",,,"War Gorillo, War_Gorillo","Animals, Characters, Southern Hive"
Watcher's Rim,,"Watcher's Rim is a mountain range that surrounds Arach, the territory of the Bugmaster. The area attracts many adventurers, including bounty hunters and mercenaries seeking fortune or glory. There are no permanent settlements or towns in this harsh mountainous region.",,,"Watcher's Rim, Watcher's_Rim, Watchers Rim",Zones
Way Of The Warrior: The Book Of Kral,,"This is an ancient warrior doctrine written by Kral himself, emphasizing that death means nothing compared to eternal glory. The book is closely associated with Shek Kingdom philosophy and can be found in their headquarters.",,,"Way Of The Warrior: The Book Of Kral, Way_Of_The_Warrior:_The_Book_Of_Kral, Way Of The Warrior The Book Of Kral",Books
Wend,,"Wend is a zone along the river of the same name, separating Rebirth from the northeastern Holy Nation territories. It contains the Drowned Ruins where the legendary Armour King resides, and wandering Skeletons sometimes patrol the area. The Lost Library is technically in Wend but can only be reached by backtracking through Rebirth and past Blood Spiders.",,,Wend,Zones
Western Hive,,"The Western Hive is a faction of Hivers living primarily in Vain and Dreg, organized around their villages and Queen. Most playable Hivers come from this faction and are reluctant to return home. The Holy Nation arrests Hivers who enter their territory due to xenophobia, so Western Hive traders rarely venture far into those lands. If their Queen is killed or captured, their villages fall into chaos and become overrun.",,,"Western Hive, Western_Hive","Factions, Hivers"
Whistler,,"Whistlers are mysterious beings mentioned in old legends, possibly connected to ancient stories about headless creatures. Little is known about them in the modern world, and they may be nothing more than myth.",,,Whistler,"Races, Removed Content"
White Eyebrow Clan,,"The White Eyebrow Clan was a group led by a man named White Eyebrow, who operated somewhere in the Swamp region. They were enemies of the Black Dragon Ninjas. The clan is now gone or was never fully established, known only from old wanted posters.",,,"White Eyebrow Clan, White_Eyebrow_Clan","Factions, Removed Content"
Wild Bull,,"Wild Bulls are large, muscular herbivores with bony faceplates and back ridges that roam in herds across various regions, particularly in Skinner's Roam. Though peaceful by nature, they will defend themselves if attacked and are dangerous opponents due to their charging attacks. They are related to domesticated bulls kept on farms and pack bulls used by trade caravans, though wild bulls tend to be somewhat stronger in a fight.",,,"Wild Bull, Wild_Bull","Animals, Characters, Playable"
Wolves,,"Wolves are wild animals that roam the lands, including bonedogs and boneyard wolves. They are not organized like other factions but exist as untamed creatures in the wilderness. These beasts are dangerous predators that travelers may encounter in certain regions.",,,Wolves,"Animals, Factions"
World's End,,"World's End is a mountain-top settlement in the Arm of Okran controlled by the Tech Hunters and home to the Machinists faction and their University. Despite being in Holy Nation territory, it operates independently and shelters Skeletons and advanced technology, using statues of Okran at its gates to maintain a pretense of faith. The town is guarded by hired ninjas and loosely follows Empire law, though many residents carry UC bounties. It serves as a major hub for machine parts, science equipment, and robotic limbs within the region.",,,"World's End, World's_End, Worlds End",Locations
Yabuta Outlaws,,"The Yabuta Outlaws are a hostile group that emerges after Yabuta of the Sands escapes from Tengu's Vault. Despite being named after him, Yabuta himself does not lead or appear among their ranks. They are enemies to everyone by default and may take control of certain locations depending on events in the world.",,,"Yabuta Outlaws, Yabuta_Outlaws",Factions
Yamdu,,Yamdu is a Hive Prince who serves as Noble Squire Supreme under Longen in the Traders Guild. He handles membership inquiries and alliance negotiations at Trader's Edge. Yamdu has a fearful personality and will only deal with those who maintain good standing with the Guild's interests.,,,Yamdu,"Characters, Hivers, Playable"
Yayoi,,"Yayoi is a Scorchlander woman and member of the Flotsam Ninjas who carries a substantial bounty from the Holy Nation. She is meant to lead a group of Flotsam Ninjas to aid allies under attack by the Holy Nation, but due to a flaw she never actually appears in the world. She wields twin ninja blades and wears light assassin gear.",,,Yayoi,"Bounty, Characters, Unique"
